0	OneNote lunchtime meeting sent to jocsan coronado vega	file_share	files	<file_type> OneNote </file_type> <file_keyword> lunchtime meeting </file_keyword> <file_action> sent </file_action> to <to_contact_name> jocsan coronado vega </to_contact_name>
0	workbook leslie sent to priya darshini	file_share	files	<file_type> workbook </file_type> <file_keyword> leslie </file_keyword> <file_action> sent </file_action> to <to_contact_name> priya darshini </to_contact_name>
0	onenotes packing list sent to sejung lee	file_share	files	<file_type> onenotes </file_type> <file_keyword> packing list </file_keyword> <file_action> sent </file_action> to <to_contact_name> sejung lee </to_contact_name>
0	deck studyphysics sent to scepanovic	file_share	files	<file_type> deck </file_type> <file_keyword> studyphysics </file_keyword> <file_action> sent </file_action> to <to_contact_name> scepanovic </to_contact_name>
0	png attendant review sent to rohit .	file_share	files	<file_type> png </file_type> <file_keyword> attendant review </file_keyword> <file_action> sent </file_action> to <to_contact_name> rohit . </to_contact_name>
0	powerpoint new products 2015 sent to sritha nyalakonda	file_share	files	<file_type> powerpoint </file_type> <file_keyword> new products 2015 </file_keyword> <file_action> sent </file_action> to <to_contact_name> sritha nyalakonda </to_contact_name>
0	msg inauguration day sent to chaozhuo li	file_share	files	<file_type> msg </file_type> <file_keyword> inauguration day </file_keyword> <file_action> sent </file_action> to <to_contact_name> chaozhuo li </to_contact_name>
0	jpeg oh meeting sent to beethika tripathi	file_share	files	<file_type> jpeg </file_type> <file_keyword> oh meeting </file_keyword> <file_action> sent </file_action> to <to_contact_name> beethika tripathi </to_contact_name>
0	csv at the gym sent to geetanjali sachdeva	file_share	files	<file_type> csv </file_type> <file_keyword> at the gym </file_keyword> <file_action> sent </file_action> to <to_contact_name> geetanjali sachdeva </to_contact_name>
0	sheet blogging topic idea sent to rufino	file_share	files	<file_type> sheet </file_type> <file_keyword> blogging topic idea </file_keyword> <file_action> sent </file_action> to <to_contact_name> rufino </to_contact_name>
0	slide in calendar sent to thomas schröter	file_share	files	<file_type> slide </file_type> <file_keyword> in calendar </file_keyword> <file_action> sent </file_action> to <to_contact_name> thomas schröter </to_contact_name>
0	image life coaching sent to akihiro	file_share	files	<file_type> image </file_type> <file_keyword> life coaching </file_keyword> <file_action> sent </file_action> to <to_contact_name> akihiro </to_contact_name>
0	Docs item sent to mounica maasala	file_share	files	<file_type> Docs </file_type> <file_keyword> item </file_keyword> <file_action> sent </file_action> to <to_contact_name> mounica maasala </to_contact_name>
0	Docx new products 2015 sent to niladri ghosh	file_share	files	<file_type> Docx </file_type> <file_keyword> new products 2015 </file_keyword> <file_action> sent </file_action> to <to_contact_name> niladri ghosh </to_contact_name>
0	notes visit sussex stone sent to kay feng	file_share	files	<file_type> notes </file_type> <file_keyword> visit sussex stone </file_keyword> <file_action> sent </file_action> to <to_contact_name> kay feng </to_contact_name>
0	presentation professional practice assignment 2 sent to rufino	file_share	files	<file_type> presentation </file_type> <file_keyword> professional practice assignment 2 </file_keyword> <file_action> sent </file_action> to <to_contact_name> rufino </to_contact_name>
0	ppt job sent to limin zhang	file_share	files	<file_type> ppt </file_type> <file_keyword> job </file_keyword> <file_action> sent </file_action> to <to_contact_name> limin zhang </to_contact_name>
0	doc twenty three plus forty two sent to max mcmullen	file_share	files	<file_type> doc </file_type> <file_keyword> twenty three plus forty two </file_keyword> <file_action> sent </file_action> to <to_contact_name> max mcmullen </to_contact_name>
0	png softball practice sent to mazza	file_share	files	<file_type> png </file_type> <file_keyword> softball practice </file_keyword> <file_action> sent </file_action> to <to_contact_name> mazza </to_contact_name>
0	onenotes cleaning appointment sent to bulmer	file_share	files	<file_type> onenotes </file_type> <file_keyword> cleaning appointment </file_keyword> <file_action> sent </file_action> to <to_contact_name> bulmer </to_contact_name>
0	excels grocery lists for warehouse sent to subhankar	file_share	files	<file_type> excels </file_type> <file_keyword> grocery lists for warehouse </file_keyword> <file_action> sent </file_action> to <to_contact_name> subhankar </to_contact_name>
0	spreadsheet pictures of joel and danika sent to max salzmann	file_share	files	<file_type> spreadsheet </file_type> <file_keyword> pictures of joel and danika </file_keyword> <file_action> sent </file_action> to <to_contact_name> max salzmann </to_contact_name>
0	vsd orthodontics consultation sent to alexander shtrikman	file_share	files	<file_type> vsd </file_type> <file_keyword> orthodontics consultation </file_keyword> <file_action> sent </file_action> to <to_contact_name> alexander shtrikman </to_contact_name>
0	vstm item sent to ivan reyes	file_share	files	<file_type> vstm </file_type> <file_keyword> item </file_keyword> <file_action> sent </file_action> to <to_contact_name> ivan reyes </to_contact_name>
0	image meeting for lunch sent to yiman huang	file_share	files	<file_type> image </file_type> <file_keyword> meeting for lunch </file_keyword> <file_action> sent </file_action> to <to_contact_name> yiman huang </to_contact_name>
0	docx uganda public health info session sent to aneta janisiewicz	file_share	files	<file_type> docx </file_type> <file_keyword> uganda public health info session </file_keyword> <file_action> sent </file_action> to <to_contact_name> aneta janisiewicz </to_contact_name>
0	pdfs flu injection sent to danida umali	file_share	files	<file_type> pdfs </file_type> <file_keyword> flu injection </file_keyword> <file_action> sent </file_action> to <to_contact_name> danida umali </to_contact_name>
0	notebooks travel plans for las vegas trip sent to dan-börre hansen	file_share	files	<file_type> notebooks </file_type> <file_keyword> travel plans for las vegas trip </file_keyword> <file_action> sent </file_action> to <to_contact_name> dan-börre hansen </to_contact_name>
0	vcs tieto is sent to gabriella queen	file_share	files	<file_type> vcs </file_type> <file_keyword> tieto is </file_keyword> <file_action> sent </file_action> to <to_contact_name> gabriella queen </to_contact_name>
0	sheet link meeting sent to peican gao	file_share	files	<file_type> sheet </file_type> <file_keyword> link meeting </file_keyword> <file_action> sent </file_action> to <to_contact_name> peican gao </to_contact_name>
0	vstx doctor kibler sent to juntai zheng	file_share	files	<file_type> vstx </file_type> <file_keyword> doctor kibler </file_keyword> <file_action> sent </file_action> to <to_contact_name> juntai zheng </to_contact_name>
0	ppts write some carrots sent to antti	file_share	files	<file_type> ppts </file_type> <file_keyword> write some carrots </file_keyword> <file_action> sent </file_action> to <to_contact_name> antti </to_contact_name>
0	presentations shut down dot exe sent to thomas schröter	file_share	files	<file_type> presentations </file_type> <file_keyword> shut down dot exe </file_keyword> <file_action> sent </file_action> to <to_contact_name> thomas schröter </to_contact_name>
0	docs prepay baggage fees sent to rebecca hill	file_share	files	<file_type> docs </file_type> <file_keyword> prepay baggage fees </file_keyword> <file_action> sent </file_action> to <to_contact_name> rebecca hill </to_contact_name>
0	vsdx go out for dinner sent to pratikkumar dubey	file_share	files	<file_type> vsdx </file_type> <file_keyword> go out for dinner </file_keyword> <file_action> sent </file_action> to <to_contact_name> pratikkumar dubey </to_contact_name>
0	pdf grand final sent to eero bragge	file_share	files	<file_type> pdf </file_type> <file_keyword> grand final </file_keyword> <file_action> sent </file_action> to <to_contact_name> eero bragge </to_contact_name>
0	ics birthday dinner sent to nagasai siddha	file_share	files	<file_type> ics </file_type> <file_keyword> birthday dinner </file_keyword> <file_action> sent </file_action> to <to_contact_name> nagasai siddha </to_contact_name>
0	ppt pick up mom from hospital sent to jordan seanor	file_share	files	<file_type> ppt </file_type> <file_keyword> pick up mom from hospital </file_keyword> <file_action> sent </file_action> to <to_contact_name> jordan seanor </to_contact_name>
0	OneNote study for exam sent to bill laing	file_share	files	<file_type> OneNote </file_type> <file_keyword> study for exam </file_keyword> <file_action> sent </file_action> to <to_contact_name> bill laing </to_contact_name>
0	pptx school drill sent to thomas schröter	file_share	files	<file_type> pptx </file_type> <file_keyword> school drill </file_keyword> <file_action> sent </file_action> to <to_contact_name> thomas schröter </to_contact_name>
0	msg meet with xena sent to elisa garcia anzano	file_share	files	<file_type> msg </file_type> <file_keyword> meet with xena </file_keyword> <file_action> sent </file_action> to <to_contact_name> elisa garcia anzano </to_contact_name>
0	pdf dvd maker sent to prashant	file_share	files	<file_type> pdf </file_type> <file_keyword> dvd maker </file_keyword> <file_action> sent </file_action> to <to_contact_name> prashant </to_contact_name>
0	vsd preakness sent to kay feng	file_share	files	<file_type> vsd </file_type> <file_keyword> preakness </file_keyword> <file_action> sent </file_action> to <to_contact_name> kay feng </to_contact_name>
0	vss school drill sent to danida umali	file_share	files	<file_type> vss </file_type> <file_keyword> school drill </file_keyword> <file_action> sent </file_action> to <to_contact_name> danida umali </to_contact_name>
0	OneNote dvd maker sent to robertarul gnanaprakasam	file_share	files	<file_type> OneNote </file_type> <file_keyword> dvd maker </file_keyword> <file_action> sent </file_action> to <to_contact_name> robertarul gnanaprakasam </to_contact_name>
0	PDF luncheon sent to brendan	file_share	files	<file_type> PDF </file_type> <file_keyword> luncheon </file_keyword> <file_action> sent </file_action> to <to_contact_name> brendan </to_contact_name>
0	notes reimbursement sent to luis castanheta	file_share	files	<file_type> notes </file_type> <file_keyword> reimbursement </file_keyword> <file_action> sent </file_action> to <to_contact_name> luis castanheta </to_contact_name>
0	xlsx preakness sent to sean o'brien	file_share	files	<file_type> xlsx </file_type> <file_keyword> preakness </file_keyword> <file_action> sent </file_action> to <to_contact_name> sean o'brien </to_contact_name>
0	notes dinner harry and wife sent to mallory baumb	file_share	files	<file_type> notes </file_type> <file_keyword> dinner harry and wife </file_keyword> <file_action> sent </file_action> to <to_contact_name> mallory baumb </to_contact_name>
0	note school carpool file sent to robert wallgren	file_share	files	<file_type> note </file_type> <file_keyword> school carpool file </file_keyword> <file_action> sent </file_action> to <to_contact_name> robert wallgren </to_contact_name>
0	vstx pick up milk on the way home sent to jemin	file_share	files	<file_type> vstx </file_type> <file_keyword> pick up milk on the way home </file_keyword> <file_action> sent </file_action> to <to_contact_name> jemin </to_contact_name>
0	deck travel plans for las vegas trip sent to felicity moore	file_share	files	<file_type> deck </file_type> <file_keyword> travel plans for las vegas trip </file_keyword> <file_action> sent </file_action> to <to_contact_name> felicity moore </to_contact_name>
0	jpeg father appointment sent to kay feng	file_share	files	<file_type> jpeg </file_type> <file_keyword> father appointment </file_keyword> <file_action> sent </file_action> to <to_contact_name> kay feng </to_contact_name>
0	sheet in calendar sent to david smatlak	file_share	files	<file_type> sheet </file_type> <file_keyword> in calendar </file_keyword> <file_action> sent </file_action> to <to_contact_name> david smatlak </to_contact_name>
0	notes halfords car repair kit sent to sridhar mukkavilli	file_share	files	<file_type> notes </file_type> <file_keyword> halfords car repair kit </file_keyword> <file_action> sent </file_action> to <to_contact_name> sridhar mukkavilli </to_contact_name>
0	pdfs ashvin ' s appointment sent to anibal pinho	file_share	files	<file_type> pdfs </file_type> <file_keyword> ashvin ' s appointment </file_keyword> <file_action> sent </file_action> to <to_contact_name> anibal pinho </to_contact_name>
0	notebook grand final sent to ismail kose	file_share	files	<file_type> notebook </file_type> <file_keyword> grand final </file_keyword> <file_action> sent </file_action> to <to_contact_name> ismail kose </to_contact_name>
0	presentation wakey wakey sent to nagasai siddha	file_share	files	<file_type> presentation </file_type> <file_keyword> wakey wakey </file_keyword> <file_action> sent </file_action> to <to_contact_name> nagasai siddha </to_contact_name>
0	vss sell dishwasher tomorrow sent to mahir shah	file_share	files	<file_type> vss </file_type> <file_keyword> sell dishwasher tomorrow </file_keyword> <file_action> sent </file_action> to <to_contact_name> mahir shah </to_contact_name>
0	ppts reverend walden sent to erel	file_share	files	<file_type> ppts </file_type> <file_keyword> reverend walden </file_keyword> <file_action> sent </file_action> to <to_contact_name> erel </to_contact_name>
0	notebooks photo gallery sent to baudrit	file_share	files	<file_type> notebooks </file_type> <file_keyword> photo gallery </file_keyword> <file_action> sent </file_action> to <to_contact_name> baudrit </to_contact_name>
0	power point village at oakhill homeowners association sent to praveen cherukumalli	file_share	files	<file_type> power point </file_type> <file_keyword> village at oakhill homeowners association </file_keyword> <file_action> sent </file_action> to <to_contact_name> praveen cherukumalli </to_contact_name>
0	note hyatt down sent to baudrit	file_share	files	<file_type> note </file_type> <file_keyword> hyatt down </file_keyword> <file_action> sent </file_action> to <to_contact_name> baudrit </to_contact_name>
0	slides girls' hair sent to harvey wang	file_share	files	<file_type> slides </file_type> <file_keyword> girls' hair </file_keyword> <file_action> sent </file_action> to <to_contact_name> harvey wang </to_contact_name>
0	ics checklist for today sent to li-juan	file_share	files	<file_type> ics </file_type> <file_keyword> checklist for today </file_keyword> <file_action> sent </file_action> to <to_contact_name> li-juan </to_contact_name>
0	image make cinnamon rolls sent to amber carter	file_share	files	<file_type> image </file_type> <file_keyword> make cinnamon rolls </file_keyword> <file_action> sent </file_action> to <to_contact_name> amber carter </to_contact_name>
0	Docs neuro overflow room sent to siblik	file_share	files	<file_type> Docs </file_type> <file_keyword> neuro overflow room </file_keyword> <file_action> sent </file_action> to <to_contact_name> siblik </to_contact_name>
0	gif three p m sent to amber carter	file_share	files	<file_type> gif </file_type> <file_keyword> three p m </file_keyword> <file_action> sent </file_action> to <to_contact_name> amber carter </to_contact_name>
0	spreadsheet orthodontics consultation sent to mahir shah	file_share	files	<file_type> spreadsheet </file_type> <file_keyword> orthodontics consultation </file_keyword> <file_action> sent </file_action> to <to_contact_name> mahir shah </to_contact_name>
0	pptx perry ' s birthday sent to eleanor dillon	file_share	files	<file_type> pptx </file_type> <file_keyword> perry ' s birthday </file_keyword> <file_action> sent </file_action> to <to_contact_name> eleanor dillon </to_contact_name>
0	image pay phone bill sent to surender parupalli	file_share	files	<file_type> image </file_type> <file_keyword> pay phone bill </file_keyword> <file_action> sent </file_action> to <to_contact_name> surender parupalli </to_contact_name>
0	onenote mail sent to fabian maciel hernandez	file_share	files	<file_type> onenote </file_type> <file_keyword> mail </file_keyword> <file_action> sent </file_action> to <to_contact_name> fabian maciel hernandez </to_contact_name>
0	Docx tray ' s birthday sent to gabriella queen	file_share	files	<file_type> Docx </file_type> <file_keyword> tray ' s birthday </file_keyword> <file_action> sent </file_action> to <to_contact_name> gabriella queen </to_contact_name>
0	png meeting john sent to antti	file_share	files	<file_type> png </file_type> <file_keyword> meeting john </file_keyword> <file_action> sent </file_action> to <to_contact_name> antti </to_contact_name>
0	doc family friday sent to patrick latter	file_share	files	<file_type> doc </file_type> <file_keyword> family friday </file_keyword> <file_action> sent </file_action> to <to_contact_name> patrick latter </to_contact_name>
0	notes dr ' s appointment sent to sanju jain	file_share	files	<file_type> notes </file_type> <file_keyword> dr ' s appointment </file_keyword> <file_action> sent </file_action> to <to_contact_name> sanju jain </to_contact_name>
0	presentation calls sent to reuben haupt	file_share	files	<file_type> presentation </file_type> <file_keyword> calls </file_keyword> <file_action> sent </file_action> to <to_contact_name> reuben haupt </to_contact_name>
0	pdfs in your pants sent to tsubasa azumi	file_share	files	<file_type> pdfs </file_type> <file_keyword> in your pants </file_keyword> <file_action> sent </file_action> to <to_contact_name> tsubasa azumi </to_contact_name>
0	vsd va sent to qunyan	file_share	files	<file_type> vsd </file_type> <file_keyword> va </file_keyword> <file_action> sent </file_action> to <to_contact_name> qunyan </to_contact_name>
0	docx pay phone bill sent to rita kolotilova	file_share	files	<file_type> docx </file_type> <file_keyword> pay phone bill </file_keyword> <file_action> sent </file_action> to <to_contact_name> rita kolotilova </to_contact_name>
0	mpt nine a. m. sent to pablo casanova	file_share	files	<file_type> mpt </file_type> <file_keyword> nine a. m. </file_keyword> <file_action> sent </file_action> to <to_contact_name> pablo casanova </to_contact_name>
0	vsdm appointment for baby sent to anastashia ryan	file_share	files	<file_type> vsdm </file_type> <file_keyword> appointment for baby </file_keyword> <file_action> sent </file_action> to <to_contact_name> anastashia ryan </to_contact_name>
0	vssx acclimate meeting sent to natalya khozyainova	file_share	files	<file_type> vssx </file_type> <file_keyword> acclimate meeting </file_keyword> <file_action> sent </file_action> to <to_contact_name> natalya khozyainova </to_contact_name>
0	ppt girls' hair sent to narindra peaks	file_share	files	<file_type> ppt </file_type> <file_keyword> girls' hair </file_keyword> <file_action> sent </file_action> to <to_contact_name> narindra peaks </to_contact_name>
0	docx pay phone bill sent to ren	file_share	files	<file_type> docx </file_type> <file_keyword> pay phone bill </file_keyword> <file_action> sent </file_action> to <to_contact_name> ren </to_contact_name>
0	vss halfords car repair kit sent to lalitesh kumar	file_share	files	<file_type> vss </file_type> <file_keyword> halfords car repair kit </file_keyword> <file_action> sent </file_action> to <to_contact_name> lalitesh kumar </to_contact_name>
0	OneNote pick up isaiah sent to rizvan	file_share	files	<file_type> OneNote </file_type> <file_keyword> pick up isaiah </file_keyword> <file_action> sent </file_action> to <to_contact_name> rizvan </to_contact_name>
0	power point prepay baggage fees sent to reggi	file_share	files	<file_type> power point </file_type> <file_keyword> prepay baggage fees </file_keyword> <file_action> sent </file_action> to <to_contact_name> reggi </to_contact_name>
0	excel command prompt sent to sejung lee	file_share	files	<file_type> excel </file_type> <file_keyword> command prompt </file_keyword> <file_action> sent </file_action> to <to_contact_name> sejung lee </to_contact_name>
0	mpt pick andrew up from the airport sent to prashant	file_share	files	<file_type> mpt </file_type> <file_keyword> pick andrew up from the airport </file_keyword> <file_action> sent </file_action> to <to_contact_name> prashant </to_contact_name>
0	vsdx got up sent to zhi li	file_share	files	<file_type> vsdx </file_type> <file_keyword> got up </file_keyword> <file_action> sent </file_action> to <to_contact_name> zhi li </to_contact_name>
0	power point va sent to wassenhove	file_share	files	<file_type> power point </file_type> <file_keyword> va </file_keyword> <file_action> sent </file_action> to <to_contact_name> wassenhove </to_contact_name>
0	vstm crashing at the betz's sent to rohit .	file_share	files	<file_type> vstm </file_type> <file_keyword> crashing at the betz's </file_keyword> <file_action> sent </file_action> to <to_contact_name> rohit . </to_contact_name>
0	deck cleaning appointment sent to antti	file_share	files	<file_type> deck </file_type> <file_keyword> cleaning appointment </file_keyword> <file_action> sent </file_action> to <to_contact_name> antti </to_contact_name>
0	msg airport museum sent to dan-börre hansen	file_share	files	<file_type> msg </file_type> <file_keyword> airport museum </file_keyword> <file_action> sent </file_action> to <to_contact_name> dan-börre hansen </to_contact_name>
0	slides staff meeting for nicole sent to taku nakata	file_share	files	<file_type> slides </file_type> <file_keyword> staff meeting for nicole </file_keyword> <file_action> sent </file_action> to <to_contact_name> taku nakata </to_contact_name>
0	word take maria and anna out to dinner sent to rohit .	file_share	files	<file_type> word </file_type> <file_keyword> take maria and anna out to dinner </file_keyword> <file_action> sent </file_action> to <to_contact_name> rohit . </to_contact_name>
0	vcs write some carrots sent to kay feng	file_share	files	<file_type> vcs </file_type> <file_keyword> write some carrots </file_keyword> <file_action> sent </file_action> to <to_contact_name> kay feng </to_contact_name>
0	docx in your pants sent to jocsan coronado vega	file_share	files	<file_type> docx </file_type> <file_keyword> in your pants </file_keyword> <file_action> sent </file_action> to <to_contact_name> jocsan coronado vega </to_contact_name>
0	slides new products 2015 sent to mazza	file_share	files	<file_type> slides </file_type> <file_keyword> new products 2015 </file_keyword> <file_action> sent </file_action> to <to_contact_name> mazza </to_contact_name>
0	jpeg skype date sent to george sebastian	file_share	files	<file_type> jpeg </file_type> <file_keyword> skype date </file_keyword> <file_action> sent </file_action> to <to_contact_name> george sebastian </to_contact_name>
0	csv office appointment sent to felicity moore	file_share	files	<file_type> csv </file_type> <file_keyword> office appointment </file_keyword> <file_action> sent </file_action> to <to_contact_name> felicity moore </to_contact_name>
0	PDF spanish quiz sent to robert wallgren	file_share	files	<file_type> PDF </file_type> <file_keyword> spanish quiz </file_keyword> <file_action> sent </file_action> to <to_contact_name> robert wallgren </to_contact_name>
0	vcs in calendar sent to elisa garcia anzano	file_share	files	<file_type> vcs </file_type> <file_keyword> in calendar </file_keyword> <file_action> sent </file_action> to <to_contact_name> elisa garcia anzano </to_contact_name>
0	vstx go to brittany ' s sent to kay feng	file_share	files	<file_type> vstx </file_type> <file_keyword> go to brittany ' s </file_keyword> <file_action> sent </file_action> to <to_contact_name> kay feng </to_contact_name>
0	csv square meeting sent to eliyas yakub	file_share	files	<file_type> csv </file_type> <file_keyword> square meeting </file_keyword> <file_action> sent </file_action> to <to_contact_name> eliyas yakub </to_contact_name>
0	tsv pick up lou from work sent to huifeng sun	file_share	files	<file_type> tsv </file_type> <file_keyword> pick up lou from work </file_keyword> <file_action> sent </file_action> to <to_contact_name> huifeng sun </to_contact_name>
0	vssx item sent to pablo casanova	file_share	files	<file_type> vssx </file_type> <file_keyword> item </file_keyword> <file_action> sent </file_action> to <to_contact_name> pablo casanova </to_contact_name>
0	vstm springsteen concert sent to scepanovic	file_share	files	<file_type> vstm </file_type> <file_keyword> springsteen concert </file_keyword> <file_action> sent </file_action> to <to_contact_name> scepanovic </to_contact_name>
0	doc twenty three plus forty two sent to renuka bhavani	file_share	files	<file_type> doc </file_type> <file_keyword> twenty three plus forty two </file_keyword> <file_action> sent </file_action> to <to_contact_name> renuka bhavani </to_contact_name>
0	doc mail sent to rita kolotilova	file_share	files	<file_type> doc </file_type> <file_keyword> mail </file_keyword> <file_action> sent </file_action> to <to_contact_name> rita kolotilova </to_contact_name>
0	msg do math for me, please sent to witwicki	file_share	files	<file_type> msg </file_type> <file_keyword> do math for me, please </file_keyword> <file_action> sent </file_action> to <to_contact_name> witwicki </to_contact_name>
0	vcs hyatt down sent to rohit .	file_share	files	<file_type> vcs </file_type> <file_keyword> hyatt down </file_keyword> <file_action> sent </file_action> to <to_contact_name> rohit . </to_contact_name>
0	csv but i will talk to ron sent to cenk akarsu	file_share	files	<file_type> csv </file_type> <file_keyword> but i will talk to ron </file_keyword> <file_action> sent </file_action> to <to_contact_name> cenk akarsu </to_contact_name>
0	xlsx holiday travel packing sent to ryuki yusa	file_share	files	<file_type> xlsx </file_type> <file_keyword> holiday travel packing </file_keyword> <file_action> sent </file_action> to <to_contact_name> ryuki yusa </to_contact_name>
0	jpeg trip to headquarters sent to harvey wang	file_share	files	<file_type> jpeg </file_type> <file_keyword> trip to headquarters </file_keyword> <file_action> sent </file_action> to <to_contact_name> harvey wang </to_contact_name>
0	doc dinner harry and wife sent to baudrit	file_share	files	<file_type> doc </file_type> <file_keyword> dinner harry and wife </file_keyword> <file_action> sent </file_action> to <to_contact_name> baudrit </to_contact_name>
0	jpg acclimate meeting sent to cristian brutaru	file_share	files	<file_type> jpg </file_type> <file_keyword> acclimate meeting </file_keyword> <file_action> sent </file_action> to <to_contact_name> cristian brutaru </to_contact_name>
0	xlsx toni altamar sent to claudia riccomagno	file_share	files	<file_type> xlsx </file_type> <file_keyword> toni altamar </file_keyword> <file_action> sent </file_action> to <to_contact_name> claudia riccomagno </to_contact_name>
0	OneNote trip to alaska sent to kay feng	file_share	files	<file_type> OneNote </file_type> <file_keyword> trip to alaska </file_keyword> <file_action> sent </file_action> to <to_contact_name> kay feng </to_contact_name>
0	notebook computer club meeting sent to sean o'brien	file_share	files	<file_type> notebook </file_type> <file_keyword> computer club meeting </file_keyword> <file_action> sent </file_action> to <to_contact_name> sean o'brien </to_contact_name>
0	pdf girls' hair sent to robertarul gnanaprakasam	file_share	files	<file_type> pdf </file_type> <file_keyword> girls' hair </file_keyword> <file_action> sent </file_action> to <to_contact_name> robertarul gnanaprakasam </to_contact_name>
0	onenotes poetry reading sent to erel	file_share	files	<file_type> onenotes </file_type> <file_keyword> poetry reading </file_keyword> <file_action> sent </file_action> to <to_contact_name> erel </to_contact_name>
0	presentation tray ' s birthday sent to david smatlak	file_share	files	<file_type> presentation </file_type> <file_keyword> tray ' s birthday </file_keyword> <file_action> sent </file_action> to <to_contact_name> david smatlak </to_contact_name>
0	vst mothers birthday sent to ryuki yusa	file_share	files	<file_type> vst </file_type> <file_keyword> mothers birthday </file_keyword> <file_action> sent </file_action> to <to_contact_name> ryuki yusa </to_contact_name>
0	Docx go out for dinner sent to sean o'brien	file_share	files	<file_type> Docx </file_type> <file_keyword> go out for dinner </file_keyword> <file_action> sent </file_action> to <to_contact_name> sean o'brien </to_contact_name>
0	ics revolution line sent to trista pike	file_share	files	<file_type> ics </file_type> <file_keyword> revolution line </file_keyword> <file_action> sent </file_action> to <to_contact_name> trista pike </to_contact_name>
0	notebook true detectives sent to li-juan	file_share	files	<file_type> notebook </file_type> <file_keyword> true detectives </file_keyword> <file_action> sent </file_action> to <to_contact_name> li-juan </to_contact_name>
0	onenotes sea sent to surender parupalli	file_share	files	<file_type> onenotes </file_type> <file_keyword> sea </file_keyword> <file_action> sent </file_action> to <to_contact_name> surender parupalli </to_contact_name>
0	image megan ' s dentist sent to scepanovic	file_share	files	<file_type> image </file_type> <file_keyword> megan ' s dentist </file_keyword> <file_action> sent </file_action> to <to_contact_name> scepanovic </to_contact_name>
0	vsd test two sent to ted hayes	file_share	files	<file_type> vsd </file_type> <file_keyword> test two </file_keyword> <file_action> sent </file_action> to <to_contact_name> ted hayes </to_contact_name>
0	vsd dinner andrew sent to madhuri bandla	file_share	files	<file_type> vsd </file_type> <file_keyword> dinner andrew </file_keyword> <file_action> sent </file_action> to <to_contact_name> madhuri bandla </to_contact_name>
0	mpp command prompt sent to george sebastian	file_share	files	<file_type> mpp </file_type> <file_keyword> command prompt </file_keyword> <file_action> sent </file_action> to <to_contact_name> george sebastian </to_contact_name>
0	presentation true detectives sent to surita	file_share	files	<file_type> presentation </file_type> <file_keyword> true detectives </file_keyword> <file_action> sent </file_action> to <to_contact_name> surita </to_contact_name>
0	excel pick up milk on the way home sent to ruffo	file_share	files	<file_type> excel </file_type> <file_keyword> pick up milk on the way home </file_keyword> <file_action> sent </file_action> to <to_contact_name> ruffo </to_contact_name>
0	jpeg sea sent to huifeng sun	file_share	files	<file_type> jpeg </file_type> <file_keyword> sea </file_keyword> <file_action> sent </file_action> to <to_contact_name> huifeng sun </to_contact_name>
0	vdw pick up mom from hospital sent to jae laura balaguer	file_share	files	<file_type> vdw </file_type> <file_keyword> pick up mom from hospital </file_keyword> <file_action> sent </file_action> to <to_contact_name> jae laura balaguer </to_contact_name>
0	docs prep sent to taku nakata	file_share	files	<file_type> docs </file_type> <file_keyword> prep </file_keyword> <file_action> sent </file_action> to <to_contact_name> taku nakata </to_contact_name>
0	vsdx tray ' s birthday sent to christian rodriguez	file_share	files	<file_type> vsdx </file_type> <file_keyword> tray ' s birthday </file_keyword> <file_action> sent </file_action> to <to_contact_name> christian rodriguez </to_contact_name>
0	pdf trip to headquarters sent to madhusudhan pulugoru	file_share	files	<file_type> pdf </file_type> <file_keyword> trip to headquarters </file_keyword> <file_action> sent </file_action> to <to_contact_name> madhusudhan pulugoru </to_contact_name>
0	powerpoint the cribbers equals scribbles sent to januelle roldan	file_share	files	<file_type> powerpoint </file_type> <file_keyword> the cribbers equals scribbles </file_keyword> <file_action> sent </file_action> to <to_contact_name> januelle roldan </to_contact_name>
0	sheet pick up lou from work sent to reggi	file_share	files	<file_type> sheet </file_type> <file_keyword> pick up lou from work </file_keyword> <file_action> sent </file_action> to <to_contact_name> reggi </to_contact_name>
0	vsdx mom birthday sent to mounica maasala	file_share	files	<file_type> vsdx </file_type> <file_keyword> mom birthday </file_keyword> <file_action> sent </file_action> to <to_contact_name> mounica maasala </to_contact_name>
0	pdf tieto is sent to navon	file_share	files	<file_type> pdf </file_type> <file_keyword> tieto is </file_keyword> <file_action> sent </file_action> to <to_contact_name> navon </to_contact_name>
0	sheets register sent to gunnar andersen	file_share	files	<file_type> sheets </file_type> <file_keyword> register </file_keyword> <file_action> sent </file_action> to <to_contact_name> gunnar andersen </to_contact_name>
0	png errand sent to reggi	file_share	files	<file_type> png </file_type> <file_keyword> errand </file_keyword> <file_action> sent </file_action> to <to_contact_name> reggi </to_contact_name>
0	vdw meeting john sent to grzegorz musialek	file_share	files	<file_type> vdw </file_type> <file_keyword> meeting john </file_keyword> <file_action> sent </file_action> to <to_contact_name> grzegorz musialek </to_contact_name>
0	pdfs isabella ' s play sent to krishan pradhan	file_share	files	<file_type> pdfs </file_type> <file_keyword> isabella ' s play </file_keyword> <file_action> sent </file_action> to <to_contact_name> krishan pradhan </to_contact_name>
0	note meet with xena sent to hourcade	file_share	files	<file_type> note </file_type> <file_keyword> meet with xena </file_keyword> <file_action> sent </file_action> to <to_contact_name> hourcade </to_contact_name>
0	vssx computer club meeting sent to yoshihisa konno	file_share	files	<file_type> vssx </file_type> <file_keyword> computer club meeting </file_keyword> <file_action> sent </file_action> to <to_contact_name> yoshihisa konno </to_contact_name>
0	mpt staff meeting for nicole sent to marcela torres	file_share	files	<file_type> mpt </file_type> <file_keyword> staff meeting for nicole </file_keyword> <file_action> sent </file_action> to <to_contact_name> marcela torres </to_contact_name>
0	sheet attendant review sent to luis castanheta	file_share	files	<file_type> sheet </file_type> <file_keyword> attendant review </file_keyword> <file_action> sent </file_action> to <to_contact_name> luis castanheta </to_contact_name>
0	vssm command prompt sent to abba	file_share	files	<file_type> vssm </file_type> <file_keyword> command prompt </file_keyword> <file_action> sent </file_action> to <to_contact_name> abba </to_contact_name>
0	msg wakey wakey sent to arpita duppala	file_share	files	<file_type> msg </file_type> <file_keyword> wakey wakey </file_keyword> <file_action> sent </file_action> to <to_contact_name> arpita duppala </to_contact_name>
0	decks airport museum sent to immanuel ward	file_share	files	<file_type> decks </file_type> <file_keyword> airport museum </file_keyword> <file_action> sent </file_action> to <to_contact_name> immanuel ward </to_contact_name>
0	sheet student marshal meeting sent to lalitesh kumar	file_share	files	<file_type> sheet </file_type> <file_keyword> student marshal meeting </file_keyword> <file_action> sent </file_action> to <to_contact_name> lalitesh kumar </to_contact_name>
0	sheets studyphysics sent to isabel chien	file_share	files	<file_type> sheets </file_type> <file_keyword> studyphysics </file_keyword> <file_action> sent </file_action> to <to_contact_name> isabel chien </to_contact_name>
0	presentations item sent to krishan pradhan	file_share	files	<file_type> presentations </file_type> <file_keyword> item </file_keyword> <file_action> sent </file_action> to <to_contact_name> krishan pradhan </to_contact_name>
0	docs confrence call sent to navon	file_share	files	<file_type> docs </file_type> <file_keyword> confrence call </file_keyword> <file_action> sent </file_action> to <to_contact_name> navon </to_contact_name>
0	pptx heart disease sent to alexander shtrikman	file_share	files	<file_type> pptx </file_type> <file_keyword> heart disease </file_keyword> <file_action> sent </file_action> to <to_contact_name> alexander shtrikman </to_contact_name>
0	Doc life coaching sent to madhusudhan pulugoru	file_share	files	<file_type> Doc </file_type> <file_keyword> life coaching </file_keyword> <file_action> sent </file_action> to <to_contact_name> madhusudhan pulugoru </to_contact_name>
0	powerpoint human resources meeting sent to v rama krishnam raju indukuri	file_share	files	<file_type> powerpoint </file_type> <file_keyword> human resources meeting </file_keyword> <file_action> sent </file_action> to <to_contact_name> v rama krishnam raju indukuri </to_contact_name>
0	PDF leslie sent to kay feng	file_share	files	<file_type> PDF </file_type> <file_keyword> leslie </file_keyword> <file_action> sent </file_action> to <to_contact_name> kay feng </to_contact_name>
0	power point go to pardeeville sent to misu choi	file_share	files	<file_type> power point </file_type> <file_keyword> go to pardeeville </file_keyword> <file_action> sent </file_action> to <to_contact_name> misu choi </to_contact_name>
0	vss buy starbucks coffee sent to shahfa kannadi paramba	file_share	files	<file_type> vss </file_type> <file_keyword> buy starbucks coffee </file_keyword> <file_action> sent </file_action> to <to_contact_name> shahfa kannadi paramba </to_contact_name>
0	xlsx visiting mary sent to lalitesh kumar	file_share	files	<file_type> xlsx </file_type> <file_keyword> visiting mary </file_keyword> <file_action> sent </file_action> to <to_contact_name> lalitesh kumar </to_contact_name>
0	PDF prepay baggage fees sent to teja ravulapalli	file_share	files	<file_type> PDF </file_type> <file_keyword> prepay baggage fees </file_keyword> <file_action> sent </file_action> to <to_contact_name> teja ravulapalli </to_contact_name>
0	vss look at my eye sent to deranleau	file_share	files	<file_type> vss </file_type> <file_keyword> look at my eye </file_keyword> <file_action> sent </file_action> to <to_contact_name> deranleau </to_contact_name>
0	docx dr ' s appointment sent to claudia riccomagno	file_share	files	<file_type> docx </file_type> <file_keyword> dr ' s appointment </file_keyword> <file_action> sent </file_action> to <to_contact_name> claudia riccomagno </to_contact_name>
0	vssm meeting for lunch sent to felicity moore	file_share	files	<file_type> vssm </file_type> <file_keyword> meeting for lunch </file_keyword> <file_action> sent </file_action> to <to_contact_name> felicity moore </to_contact_name>
0	slide early shit sent to salmons	file_share	files	<file_type> slide </file_type> <file_keyword> early shit </file_keyword> <file_action> sent </file_action> to <to_contact_name> salmons </to_contact_name>
0	image kim meeting sent to alberto gutierrez acevedo	file_share	files	<file_type> image </file_type> <file_keyword> kim meeting </file_keyword> <file_action> sent </file_action> to <to_contact_name> alberto gutierrez acevedo </to_contact_name>
0	Docx tieto is sent to sritha nyalakonda	file_share	files	<file_type> Docx </file_type> <file_keyword> tieto is </file_keyword> <file_action> sent </file_action> to <to_contact_name> sritha nyalakonda </to_contact_name>
0	tsv dvd maker sent to immanuel ward	file_share	files	<file_type> tsv </file_type> <file_keyword> dvd maker </file_keyword> <file_action> sent </file_action> to <to_contact_name> immanuel ward </to_contact_name>
0	worksheet dan ' s birthday sent to limin zhang	file_share	files	<file_type> worksheet </file_type> <file_keyword> dan ' s birthday </file_keyword> <file_action> sent </file_action> to <to_contact_name> limin zhang </to_contact_name>
0	ics staff meeting for nicole sent to akihiro	file_share	files	<file_type> ics </file_type> <file_keyword> staff meeting for nicole </file_keyword> <file_action> sent </file_action> to <to_contact_name> akihiro </to_contact_name>
0	decks grand final sent to simonne hewett	file_share	files	<file_type> decks </file_type> <file_keyword> grand final </file_keyword> <file_action> sent </file_action> to <to_contact_name> simonne hewett </to_contact_name>
0	slide make cinnamon rolls sent to elisa garcia anzano	file_share	files	<file_type> slide </file_type> <file_keyword> make cinnamon rolls </file_keyword> <file_action> sent </file_action> to <to_contact_name> elisa garcia anzano </to_contact_name>
0	vsdx bts's hopefully making a comeback sent to rizvan	file_share	files	<file_type> vsdx </file_type> <file_keyword> bts's hopefully making a comeback </file_keyword> <file_action> sent </file_action> to <to_contact_name> rizvan </to_contact_name>
0	power point go pats auburn valley sent to abba	file_share	files	<file_type> power point </file_type> <file_keyword> go pats auburn valley </file_keyword> <file_action> sent </file_action> to <to_contact_name> abba </to_contact_name>
0	powerpoint tieto is sent to derrick buckley	file_share	files	<file_type> powerpoint </file_type> <file_keyword> tieto is </file_keyword> <file_action> sent </file_action> to <to_contact_name> derrick buckley </to_contact_name>
0	mpt write some carrots sent to mayukha jampani	file_share	files	<file_type> mpt </file_type> <file_keyword> write some carrots </file_keyword> <file_action> sent </file_action> to <to_contact_name> mayukha jampani </to_contact_name>
0	sheet interview lcc sent to taku nakata	file_share	files	<file_type> sheet </file_type> <file_keyword> interview lcc </file_keyword> <file_action> sent </file_action> to <to_contact_name> taku nakata </to_contact_name>
0	excel pick up mom from hospital sent to siblik	file_share	files	<file_type> excel </file_type> <file_keyword> pick up mom from hospital </file_keyword> <file_action> sent </file_action> to <to_contact_name> siblik </to_contact_name>
0	vstm flu injection sent to surender parupalli	file_share	files	<file_type> vstm </file_type> <file_keyword> flu injection </file_keyword> <file_action> sent </file_action> to <to_contact_name> surender parupalli </to_contact_name>
0	vsd at the gym sent to natalya khozyainova	file_share	files	<file_type> vsd </file_type> <file_keyword> at the gym </file_keyword> <file_action> sent </file_action> to <to_contact_name> natalya khozyainova </to_contact_name>
0	jpg early shit sent to mounica maasala	file_share	files	<file_type> jpg </file_type> <file_keyword> early shit </file_keyword> <file_action> sent </file_action> to <to_contact_name> mounica maasala </to_contact_name>
0	note green party sent to leshawn johnson vega	file_share	files	<file_type> note </file_type> <file_keyword> green party </file_keyword> <file_action> sent </file_action> to <to_contact_name> leshawn johnson vega </to_contact_name>
0	mpp command prompt sent to valeriy anikin	file_share	files	<file_type> mpp </file_type> <file_keyword> command prompt </file_keyword> <file_action> sent </file_action> to <to_contact_name> valeriy anikin </to_contact_name>
0	xlsx link meeting sent to anastashia ryan	file_share	files	<file_type> xlsx </file_type> <file_keyword> link meeting </file_keyword> <file_action> sent </file_action> to <to_contact_name> anastashia ryan </to_contact_name>
0	slides boeses board meeting sent to mark bevier	file_share	files	<file_type> slides </file_type> <file_keyword> boeses board meeting </file_keyword> <file_action> sent </file_action> to <to_contact_name> mark bevier </to_contact_name>
0	pdfs call n and s tractor about quadtrac sent to ivan reyes	file_share	files	<file_type> pdfs </file_type> <file_keyword> call n and s tractor about quadtrac </file_keyword> <file_action> sent </file_action> to <to_contact_name> ivan reyes </to_contact_name>
0	power point wakey wakey sent to salmons	file_share	files	<file_type> power point </file_type> <file_keyword> wakey wakey </file_keyword> <file_action> sent </file_action> to <to_contact_name> salmons </to_contact_name>
0	jpeg amber lunch sent to sanju jain	file_share	files	<file_type> jpeg </file_type> <file_keyword> amber lunch </file_keyword> <file_action> sent </file_action> to <to_contact_name> sanju jain </to_contact_name>
0	tsv discuss forward plan sent to alberto gutierrez acevedo	file_share	files	<file_type> tsv </file_type> <file_keyword> discuss forward plan </file_keyword> <file_action> sent </file_action> to <to_contact_name> alberto gutierrez acevedo </to_contact_name>
0	worksheet supplies for cooking sent to gunnar andersen	file_share	files	<file_type> worksheet </file_type> <file_keyword> supplies for cooking </file_keyword> <file_action> sent </file_action> to <to_contact_name> gunnar andersen </to_contact_name>
0	docx check for time and date of scholarship dinner sent to alberto gutierrez acevedo	file_share	files	<file_type> docx </file_type> <file_keyword> check for time and date of scholarship dinner </file_keyword> <file_action> sent </file_action> to <to_contact_name> alberto gutierrez acevedo </to_contact_name>
0	gif movies list sent to felicity moore	file_share	files	<file_type> gif </file_type> <file_keyword> movies list </file_keyword> <file_action> sent </file_action> to <to_contact_name> felicity moore </to_contact_name>
0	worksheet things to do for party sent to eleanor dillon	file_share	files	<file_type> worksheet </file_type> <file_keyword> things to do for party </file_keyword> <file_action> sent </file_action> to <to_contact_name> eleanor dillon </to_contact_name>
0	image marketing online meeting sent to aneta janisiewicz	file_share	files	<file_type> image </file_type> <file_keyword> marketing online meeting </file_keyword> <file_action> sent </file_action> to <to_contact_name> aneta janisiewicz </to_contact_name>
0	vstm supplies for cooking shared to dan-börre hansen	file_share	files	<file_type> vstm </file_type> <file_keyword> supplies for cooking </file_keyword> <file_action> shared </file_action> to <to_contact_name> dan-börre hansen </to_contact_name>
0	png buddy list shared to amith t	file_share	files	<file_type> png </file_type> <file_keyword> buddy list </file_keyword> <file_action> shared </file_action> to <to_contact_name> amith t </to_contact_name>
0	vst buy starbucks coffee shared to jeff glover	file_share	files	<file_type> vst </file_type> <file_keyword> buy starbucks coffee </file_keyword> <file_action> shared </file_action> to <to_contact_name> jeff glover </to_contact_name>
0	mpp lunchtime meeting shared to tapin	file_share	files	<file_type> mpp </file_type> <file_keyword> lunchtime meeting </file_keyword> <file_action> shared </file_action> to <to_contact_name> tapin </to_contact_name>
0	vst study for exam shared to navon	file_share	files	<file_type> vst </file_type> <file_keyword> study for exam </file_keyword> <file_action> shared </file_action> to <to_contact_name> navon </to_contact_name>
0	vsd seattle bike place shared to navon	file_share	files	<file_type> vsd </file_type> <file_keyword> seattle bike place </file_keyword> <file_action> shared </file_action> to <to_contact_name> navon </to_contact_name>
0	onenotes birthday dinner shared to anastashia ryan	file_share	files	<file_type> onenotes </file_type> <file_keyword> birthday dinner </file_keyword> <file_action> shared </file_action> to <to_contact_name> anastashia ryan </to_contact_name>
0	jpeg inauguration day shared to jocsan coronado vega	file_share	files	<file_type> jpeg </file_type> <file_keyword> inauguration day </file_keyword> <file_action> shared </file_action> to <to_contact_name> jocsan coronado vega </to_contact_name>
0	onenote watching doctor who shared to renuka bhavani	file_share	files	<file_type> onenote </file_type> <file_keyword> watching doctor who </file_keyword> <file_action> shared </file_action> to <to_contact_name> renuka bhavani </to_contact_name>
0	onenote test two shared to niladri ghosh	file_share	files	<file_type> onenote </file_type> <file_keyword> test two </file_keyword> <file_action> shared </file_action> to <to_contact_name> niladri ghosh </to_contact_name>
0	sheets travel plans for las vegas trip shared to divya mani deepika gangikunta karanam	file_share	files	<file_type> sheets </file_type> <file_keyword> travel plans for las vegas trip </file_keyword> <file_action> shared </file_action> to <to_contact_name> divya mani deepika gangikunta karanam </to_contact_name>
0	docx grocery lists for warehouse shared to abba	file_share	files	<file_type> docx </file_type> <file_keyword> grocery lists for warehouse </file_keyword> <file_action> shared </file_action> to <to_contact_name> abba </to_contact_name>
0	xls call bob porter shared to geetanjali sachdeva	file_share	files	<file_type> xls </file_type> <file_keyword> call bob porter </file_keyword> <file_action> shared </file_action> to <to_contact_name> geetanjali sachdeva </to_contact_name>
0	slide reimbursement shared to huifeng sun	file_share	files	<file_type> slide </file_type> <file_keyword> reimbursement </file_keyword> <file_action> shared </file_action> to <to_contact_name> huifeng sun </to_contact_name>
0	vss attendant review shared to ramesh dhanalakota	file_share	files	<file_type> vss </file_type> <file_keyword> attendant review </file_keyword> <file_action> shared </file_action> to <to_contact_name> ramesh dhanalakota </to_contact_name>
0	Doc sea shared to alberto gutierrez acevedo	file_share	files	<file_type> Doc </file_type> <file_keyword> sea </file_keyword> <file_action> shared </file_action> to <to_contact_name> alberto gutierrez acevedo </to_contact_name>
0	Docs psychology in practice shared to zhi li	file_share	files	<file_type> Docs </file_type> <file_keyword> psychology in practice </file_keyword> <file_action> shared </file_action> to <to_contact_name> zhi li </to_contact_name>
0	docs lunch with phil shared to gunnar andersen	file_share	files	<file_type> docs </file_type> <file_keyword> lunch with phil </file_keyword> <file_action> shared </file_action> to <to_contact_name> gunnar andersen </to_contact_name>
0	notebooks dinner harry and wife shared to jeff glover	file_share	files	<file_type> notebooks </file_type> <file_keyword> dinner harry and wife </file_keyword> <file_action> shared </file_action> to <to_contact_name> jeff glover </to_contact_name>
0	sheets party at jims shared to salmons	file_share	files	<file_type> sheets </file_type> <file_keyword> party at jims </file_keyword> <file_action> shared </file_action> to <to_contact_name> salmons </to_contact_name>
0	docx twenty three plus forty two shared to rachel potvin	file_share	files	<file_type> docx </file_type> <file_keyword> twenty three plus forty two </file_keyword> <file_action> shared </file_action> to <to_contact_name> rachel potvin </to_contact_name>
0	docs meet with xena shared to marcela torres	file_share	files	<file_type> docs </file_type> <file_keyword> meet with xena </file_keyword> <file_action> shared </file_action> to <to_contact_name> marcela torres </to_contact_name>
0	ppt travel plans for las vegas trip shared to yoshihisa konno	file_share	files	<file_type> ppt </file_type> <file_keyword> travel plans for las vegas trip </file_keyword> <file_action> shared </file_action> to <to_contact_name> yoshihisa konno </to_contact_name>
0	ppt perry ' s birthday shared to fabian maciel hernandez	file_share	files	<file_type> ppt </file_type> <file_keyword> perry ' s birthday </file_keyword> <file_action> shared </file_action> to <to_contact_name> fabian maciel hernandez </to_contact_name>
0	ppt interview lcc shared to sandeep kesiraju	file_share	files	<file_type> ppt </file_type> <file_keyword> interview lcc </file_keyword> <file_action> shared </file_action> to <to_contact_name> sandeep kesiraju </to_contact_name>
0	xls flu injection shared to simon diesenreiter	file_share	files	<file_type> xls </file_type> <file_keyword> flu injection </file_keyword> <file_action> shared </file_action> to <to_contact_name> simon diesenreiter </to_contact_name>
0	ppts office appointment shared to felicity moore	file_share	files	<file_type> ppts </file_type> <file_keyword> office appointment </file_keyword> <file_action> shared </file_action> to <to_contact_name> felicity moore </to_contact_name>
0	vcs photo gallery shared to niladri ghosh	file_share	files	<file_type> vcs </file_type> <file_keyword> photo gallery </file_keyword> <file_action> shared </file_action> to <to_contact_name> niladri ghosh </to_contact_name>
0	ppt wigwam weekend shared to ariel ostrowski	file_share	files	<file_type> ppt </file_type> <file_keyword> wigwam weekend </file_keyword> <file_action> shared </file_action> to <to_contact_name> ariel ostrowski </to_contact_name>
0	vstm hyatt down shared to surender parupalli	file_share	files	<file_type> vstm </file_type> <file_keyword> hyatt down </file_keyword> <file_action> shared </file_action> to <to_contact_name> surender parupalli </to_contact_name>
0	Doc prep shared to robertarul gnanaprakasam	file_share	files	<file_type> Doc </file_type> <file_keyword> prep </file_keyword> <file_action> shared </file_action> to <to_contact_name> robertarul gnanaprakasam </to_contact_name>
0	pptx job shared to grzegorz musialek	file_share	files	<file_type> pptx </file_type> <file_keyword> job </file_keyword> <file_action> shared </file_action> to <to_contact_name> grzegorz musialek </to_contact_name>
0	vdw checklist for today shared to pavani dasara	file_share	files	<file_type> vdw </file_type> <file_keyword> checklist for today </file_keyword> <file_action> shared </file_action> to <to_contact_name> pavani dasara </to_contact_name>
0	vstm tieto is shared to prashant	file_share	files	<file_type> vstm </file_type> <file_keyword> tieto is </file_keyword> <file_action> shared </file_action> to <to_contact_name> prashant </to_contact_name>
0	vsdm pick up isaiah shared to jocsan coronado vega	file_share	files	<file_type> vsdm </file_type> <file_keyword> pick up isaiah </file_keyword> <file_action> shared </file_action> to <to_contact_name> jocsan coronado vega </to_contact_name>
0	deck buy starbucks coffee shared to yoshihisa konno	file_share	files	<file_type> deck </file_type> <file_keyword> buy starbucks coffee </file_keyword> <file_action> shared </file_action> to <to_contact_name> yoshihisa konno </to_contact_name>
0	note pick up lou from work shared to tapin	file_share	files	<file_type> note </file_type> <file_keyword> pick up lou from work </file_keyword> <file_action> shared </file_action> to <to_contact_name> tapin </to_contact_name>
0	onenotes green party shared to qunyan	file_share	files	<file_type> onenotes </file_type> <file_keyword> green party </file_keyword> <file_action> shared </file_action> to <to_contact_name> qunyan </to_contact_name>
0	pdf contact distribution shared to duminda prasad	file_share	files	<file_type> pdf </file_type> <file_keyword> contact distribution </file_keyword> <file_action> shared </file_action> to <to_contact_name> duminda prasad </to_contact_name>
0	vstx mothers birthday shared to januelle roldan	file_share	files	<file_type> vstx </file_type> <file_keyword> mothers birthday </file_keyword> <file_action> shared </file_action> to <to_contact_name> januelle roldan </to_contact_name>
0	csv errand shared to januelle roldan	file_share	files	<file_type> csv </file_type> <file_keyword> errand </file_keyword> <file_action> shared </file_action> to <to_contact_name> januelle roldan </to_contact_name>
0	mpt bts's hopefully making a comeback shared to niladri ghosh	file_share	files	<file_type> mpt </file_type> <file_keyword> bts's hopefully making a comeback </file_keyword> <file_action> shared </file_action> to <to_contact_name> niladri ghosh </to_contact_name>
0	jpg animal kingdom shared to witwicki	file_share	files	<file_type> jpg </file_type> <file_keyword> animal kingdom </file_keyword> <file_action> shared </file_action> to <to_contact_name> witwicki </to_contact_name>
0	excel inauguration day shared to claudio gutierrez bribiesca	file_share	files	<file_type> excel </file_type> <file_keyword> inauguration day </file_keyword> <file_action> shared </file_action> to <to_contact_name> claudio gutierrez bribiesca </to_contact_name>
0	vsdm packing list shared to chaozhuo li	file_share	files	<file_type> vsdm </file_type> <file_keyword> packing list </file_keyword> <file_action> shared </file_action> to <to_contact_name> chaozhuo li </to_contact_name>
0	pdf lunch with phil shared to mazza	file_share	files	<file_type> pdf </file_type> <file_keyword> lunch with phil </file_keyword> <file_action> shared </file_action> to <to_contact_name> mazza </to_contact_name>
0	docx training day shared to sandeep kesiraju	file_share	files	<file_type> docx </file_type> <file_keyword> training day </file_keyword> <file_action> shared </file_action> to <to_contact_name> sandeep kesiraju </to_contact_name>
0	ppts mail shared to lalitesh kumar	file_share	files	<file_type> ppts </file_type> <file_keyword> mail </file_keyword> <file_action> shared </file_action> to <to_contact_name> lalitesh kumar </to_contact_name>
0	notes register shared to grzegorz musialek	file_share	files	<file_type> notes </file_type> <file_keyword> register </file_keyword> <file_action> shared </file_action> to <to_contact_name> grzegorz musialek </to_contact_name>
0	mpp go out for dinner shared to chenyu xu	file_share	files	<file_type> mpp </file_type> <file_keyword> go out for dinner </file_keyword> <file_action> shared </file_action> to <to_contact_name> chenyu xu </to_contact_name>
0	sheet sea shared to witwicki	file_share	files	<file_type> sheet </file_type> <file_keyword> sea </file_keyword> <file_action> shared </file_action> to <to_contact_name> witwicki </to_contact_name>
0	xlsx at the gym shared to aaron melton	file_share	files	<file_type> xlsx </file_type> <file_keyword> at the gym </file_keyword> <file_action> shared </file_action> to <to_contact_name> aaron melton </to_contact_name>
0	vsd ise shared to prasad raghavendra	file_share	files	<file_type> vsd </file_type> <file_keyword> ise </file_keyword> <file_action> shared </file_action> to <to_contact_name> prasad raghavendra </to_contact_name>
0	vssm packing list shared to ugochukwu okoro	file_share	files	<file_type> vssm </file_type> <file_keyword> packing list </file_keyword> <file_action> shared </file_action> to <to_contact_name> ugochukwu okoro </to_contact_name>
0	onenote square meeting shared to renuka bhavani	file_share	files	<file_type> onenote </file_type> <file_keyword> square meeting </file_keyword> <file_action> shared </file_action> to <to_contact_name> renuka bhavani </to_contact_name>
0	onenotes mom was taken to the hospital shared to pablo casanova	file_share	files	<file_type> onenotes </file_type> <file_keyword> mom was taken to the hospital </file_keyword> <file_action> shared </file_action> to <to_contact_name> pablo casanova </to_contact_name>
0	mpp hey king shared to immanuel ward	file_share	files	<file_type> mpp </file_type> <file_keyword> hey king </file_keyword> <file_action> shared </file_action> to <to_contact_name> immanuel ward </to_contact_name>
0	slides wakey wakey shared to mayukha jampani	file_share	files	<file_type> slides </file_type> <file_keyword> wakey wakey </file_keyword> <file_action> shared </file_action> to <to_contact_name> mayukha jampani </to_contact_name>
0	onenote wakey wakey shared to sultan mahmud	file_share	files	<file_type> onenote </file_type> <file_keyword> wakey wakey </file_keyword> <file_action> shared </file_action> to <to_contact_name> sultan mahmud </to_contact_name>
0	docs things to do for party shared to rufino	file_share	files	<file_type> docs </file_type> <file_keyword> things to do for party </file_keyword> <file_action> shared </file_action> to <to_contact_name> rufino </to_contact_name>
0	slide go pats auburn valley shared to abba	file_share	files	<file_type> slide </file_type> <file_keyword> go pats auburn valley </file_keyword> <file_action> shared </file_action> to <to_contact_name> abba </to_contact_name>
0	note wigwam weekend shared to alberto gutierrez acevedo	file_share	files	<file_type> note </file_type> <file_keyword> wigwam weekend </file_keyword> <file_action> shared </file_action> to <to_contact_name> alberto gutierrez acevedo </to_contact_name>
0	slide photo gallery shared to miyakawa	file_share	files	<file_type> slide </file_type> <file_keyword> photo gallery </file_keyword> <file_action> shared </file_action> to <to_contact_name> miyakawa </to_contact_name>
0	xls sea shared to gabriella queen	file_share	files	<file_type> xls </file_type> <file_keyword> sea </file_keyword> <file_action> shared </file_action> to <to_contact_name> gabriella queen </to_contact_name>
0	power point inauguration day shared to surender parupalli	file_share	files	<file_type> power point </file_type> <file_keyword> inauguration day </file_keyword> <file_action> shared </file_action> to <to_contact_name> surender parupalli </to_contact_name>
0	vsd mission trip shared to naina vijayakumar	file_share	files	<file_type> vsd </file_type> <file_keyword> mission trip </file_keyword> <file_action> shared </file_action> to <to_contact_name> naina vijayakumar </to_contact_name>
0	word confrence call shared to anastashia ryan	file_share	files	<file_type> word </file_type> <file_keyword> confrence call </file_keyword> <file_action> shared </file_action> to <to_contact_name> anastashia ryan </to_contact_name>
0	vcs megan ' s dentist shared to thomas schröter	file_share	files	<file_type> vcs </file_type> <file_keyword> megan ' s dentist </file_keyword> <file_action> shared </file_action> to <to_contact_name> thomas schröter </to_contact_name>
0	csv grand final shared to robert wallgren	file_share	files	<file_type> csv </file_type> <file_keyword> grand final </file_keyword> <file_action> shared </file_action> to <to_contact_name> robert wallgren </to_contact_name>
0	vsdm amber lunch shared to sandeep kesiraju	file_share	files	<file_type> vsdm </file_type> <file_keyword> amber lunch </file_keyword> <file_action> shared </file_action> to <to_contact_name> sandeep kesiraju </to_contact_name>
0	vst party at jims shared to katrina clifton	file_share	files	<file_type> vst </file_type> <file_keyword> party at jims </file_keyword> <file_action> shared </file_action> to <to_contact_name> katrina clifton </to_contact_name>
0	Docs saint vincent de paul shared to deranleau	file_share	files	<file_type> Docs </file_type> <file_keyword> saint vincent de paul </file_keyword> <file_action> shared </file_action> to <to_contact_name> deranleau </to_contact_name>
0	notebooks lunch with phil shared to ruffo	file_share	files	<file_type> notebooks </file_type> <file_keyword> lunch with phil </file_keyword> <file_action> shared </file_action> to <to_contact_name> ruffo </to_contact_name>
0	docx packing list shared to miyakawa	file_share	files	<file_type> docx </file_type> <file_keyword> packing list </file_keyword> <file_action> shared </file_action> to <to_contact_name> miyakawa </to_contact_name>
0	sheets professional practice assignment 2 shared to christian rodriguez	file_share	files	<file_type> sheets </file_type> <file_keyword> professional practice assignment 2 </file_keyword> <file_action> shared </file_action> to <to_contact_name> christian rodriguez </to_contact_name>
0	csv twenty three plus forty two shared to valentin dontsov	file_share	files	<file_type> csv </file_type> <file_keyword> twenty three plus forty two </file_keyword> <file_action> shared </file_action> to <to_contact_name> valentin dontsov </to_contact_name>
0	Docs holes shared to krishan pradhan	file_share	files	<file_type> Docs </file_type> <file_keyword> holes </file_keyword> <file_action> shared </file_action> to <to_contact_name> krishan pradhan </to_contact_name>
0	slides chemistry test shared to kyle schwaneke	file_share	files	<file_type> slides </file_type> <file_keyword> chemistry test </file_keyword> <file_action> shared </file_action> to <to_contact_name> kyle schwaneke </to_contact_name>
0	sheets pick up soup shared to erel	file_share	files	<file_type> sheets </file_type> <file_keyword> pick up soup </file_keyword> <file_action> shared </file_action> to <to_contact_name> erel </to_contact_name>
0	slide no preschool shared to surita	file_share	files	<file_type> slide </file_type> <file_keyword> no preschool </file_keyword> <file_action> shared </file_action> to <to_contact_name> surita </to_contact_name>
0	vstx visit sussex stone shared to fabian maciel hernandez	file_share	files	<file_type> vstx </file_type> <file_keyword> visit sussex stone </file_keyword> <file_action> shared </file_action> to <to_contact_name> fabian maciel hernandez </to_contact_name>
0	presentations professional practice assignment 2 shared to li-juan	file_share	files	<file_type> presentations </file_type> <file_keyword> professional practice assignment 2 </file_keyword> <file_action> shared </file_action> to <to_contact_name> li-juan </to_contact_name>
0	xls beverages shared to januelle roldan	file_share	files	<file_type> xls </file_type> <file_keyword> beverages </file_keyword> <file_action> shared </file_action> to <to_contact_name> januelle roldan </to_contact_name>
0	worksheet big pickles shared to naina vijayakumar	file_share	files	<file_type> worksheet </file_type> <file_keyword> big pickles </file_keyword> <file_action> shared </file_action> to <to_contact_name> naina vijayakumar </to_contact_name>
0	xls buddy list shared to jerry dunietz	file_share	files	<file_type> xls </file_type> <file_keyword> buddy list </file_keyword> <file_action> shared </file_action> to <to_contact_name> jerry dunietz </to_contact_name>
0	vst doctor kibler shared to huifeng sun	file_share	files	<file_type> vst </file_type> <file_keyword> doctor kibler </file_keyword> <file_action> shared </file_action> to <to_contact_name> huifeng sun </to_contact_name>
0	excels new message shared to sridutt chakradhari miraskar	file_share	files	<file_type> excels </file_type> <file_keyword> new message </file_keyword> <file_action> shared </file_action> to <to_contact_name> sridutt chakradhari miraskar </to_contact_name>
0	pdfs dinner andrew shared to ivan moreno	file_share	files	<file_type> pdfs </file_type> <file_keyword> dinner andrew </file_keyword> <file_action> shared </file_action> to <to_contact_name> ivan moreno </to_contact_name>
0	sheet new products 2015 shared to christopher bauer	file_share	files	<file_type> sheet </file_type> <file_keyword> new products 2015 </file_keyword> <file_action> shared </file_action> to <to_contact_name> christopher bauer </to_contact_name>
0	notes rosie ' s birthday shared to pratikkumar dubey	file_share	files	<file_type> notes </file_type> <file_keyword> rosie ' s birthday </file_keyword> <file_action> shared </file_action> to <to_contact_name> pratikkumar dubey </to_contact_name>
0	slides fishing trip with my family shared to nagasai siddha	file_share	files	<file_type> slides </file_type> <file_keyword> fishing trip with my family </file_keyword> <file_action> shared </file_action> to <to_contact_name> nagasai siddha </to_contact_name>
0	workbook halfords car repair kit shared to patrick latter	file_share	files	<file_type> workbook </file_type> <file_keyword> halfords car repair kit </file_keyword> <file_action> shared </file_action> to <to_contact_name> patrick latter </to_contact_name>
0	deck lunchtime meeting shared to diane hively	file_share	files	<file_type> deck </file_type> <file_keyword> lunchtime meeting </file_keyword> <file_action> shared </file_action> to <to_contact_name> diane hively </to_contact_name>
0	xlsx dinner harry and wife shared to chris ward	file_share	files	<file_type> xlsx </file_type> <file_keyword> dinner harry and wife </file_keyword> <file_action> shared </file_action> to <to_contact_name> chris ward </to_contact_name>
0	excel interview lcc shared to hourcade	file_share	files	<file_type> excel </file_type> <file_keyword> interview lcc </file_keyword> <file_action> shared </file_action> to <to_contact_name> hourcade </to_contact_name>
0	xlsx trip to alaska shared to valentin dontsov	file_share	files	<file_type> xlsx </file_type> <file_keyword> trip to alaska </file_keyword> <file_action> shared </file_action> to <to_contact_name> valentin dontsov </to_contact_name>
0	csv call bob porter shared to christian rodriguez	file_share	files	<file_type> csv </file_type> <file_keyword> call bob porter </file_keyword> <file_action> shared </file_action> to <to_contact_name> christian rodriguez </to_contact_name>
0	mpt family friday shared to mayukha jampani	file_share	files	<file_type> mpt </file_type> <file_keyword> family friday </file_keyword> <file_action> shared </file_action> to <to_contact_name> mayukha jampani </to_contact_name>
0	Doc interview lcc shared to divya mani deepika gangikunta karanam	file_share	files	<file_type> Doc </file_type> <file_keyword> interview lcc </file_keyword> <file_action> shared </file_action> to <to_contact_name> divya mani deepika gangikunta karanam </to_contact_name>
0	ics neuro overflow room shared to v rama krishnam raju indukuri	file_share	files	<file_type> ics </file_type> <file_keyword> neuro overflow room </file_keyword> <file_action> shared </file_action> to <to_contact_name> v rama krishnam raju indukuri </to_contact_name>
0	Doc link meeting shared to david smatlak	file_share	files	<file_type> Doc </file_type> <file_keyword> link meeting </file_keyword> <file_action> shared </file_action> to <to_contact_name> david smatlak </to_contact_name>
0	jpeg link meeting shared to teja ravulapalli	file_share	files	<file_type> jpeg </file_type> <file_keyword> link meeting </file_keyword> <file_action> shared </file_action> to <to_contact_name> teja ravulapalli </to_contact_name>
0	docs remember the cake shared to peican gao	file_share	files	<file_type> docs </file_type> <file_keyword> remember the cake </file_keyword> <file_action> shared </file_action> to <to_contact_name> peican gao </to_contact_name>
0	onenotes pick up mom from hospital shared to wassenhove	file_share	files	<file_type> onenotes </file_type> <file_keyword> pick up mom from hospital </file_keyword> <file_action> shared </file_action> to <to_contact_name> wassenhove </to_contact_name>
0	docx look at my eye shared to alberto gutierrez acevedo	file_share	files	<file_type> docx </file_type> <file_keyword> look at my eye </file_keyword> <file_action> shared </file_action> to <to_contact_name> alberto gutierrez acevedo </to_contact_name>
0	vdw pick up mom from hospital shared to ruffo	file_share	files	<file_type> vdw </file_type> <file_keyword> pick up mom from hospital </file_keyword> <file_action> shared </file_action> to <to_contact_name> ruffo </to_contact_name>
0	decks cooking school shared to ayoub faouzi	file_share	files	<file_type> decks </file_type> <file_keyword> cooking school </file_keyword> <file_action> shared </file_action> to <to_contact_name> ayoub faouzi </to_contact_name>
0	powerpoints son ' s football activities shared to maria teresa salichs miro	file_share	files	<file_type> powerpoints </file_type> <file_keyword> son ' s football activities </file_keyword> <file_action> shared </file_action> to <to_contact_name> maria teresa salichs miro </to_contact_name>
0	pptx mom was taken to the hospital shared to ankur goel	file_share	files	<file_type> pptx </file_type> <file_keyword> mom was taken to the hospital </file_keyword> <file_action> shared </file_action> to <to_contact_name> ankur goel </to_contact_name>
0	decks visiting mary shared to nigel freeman	file_share	files	<file_type> decks </file_type> <file_keyword> visiting mary </file_keyword> <file_action> shared </file_action> to <to_contact_name> nigel freeman </to_contact_name>
0	vssx son ' s football activities shared to wassenhove	file_share	files	<file_type> vssx </file_type> <file_keyword> son ' s football activities </file_keyword> <file_action> shared </file_action> to <to_contact_name> wassenhove </to_contact_name>
0	presentation call bob porter shared to anil akurathi	file_share	files	<file_type> presentation </file_type> <file_keyword> call bob porter </file_keyword> <file_action> shared </file_action> to <to_contact_name> anil akurathi </to_contact_name>
0	pdfs wash windows chore shared to campoy	file_share	files	<file_type> pdfs </file_type> <file_keyword> wash windows chore </file_keyword> <file_action> shared </file_action> to <to_contact_name> campoy </to_contact_name>
0	Doc ls meeting shared to alexander shtrikman	file_share	files	<file_type> Doc </file_type> <file_keyword> ls meeting </file_keyword> <file_action> shared </file_action> to <to_contact_name> alexander shtrikman </to_contact_name>
0	OneNote marketing online meeting shared to valeriy anikin	file_share	files	<file_type> OneNote </file_type> <file_keyword> marketing online meeting </file_keyword> <file_action> shared </file_action> to <to_contact_name> valeriy anikin </to_contact_name>
0	Docx supplies for cooking shared to prasad raghavendra	file_share	files	<file_type> Docx </file_type> <file_keyword> supplies for cooking </file_keyword> <file_action> shared </file_action> to <to_contact_name> prasad raghavendra </to_contact_name>
0	ppts grocery lists for warehouse shared to v rama krishnam raju indukuri	file_share	files	<file_type> ppts </file_type> <file_keyword> grocery lists for warehouse </file_keyword> <file_action> shared </file_action> to <to_contact_name> v rama krishnam raju indukuri </to_contact_name>
0	notebook mississippi shared to diane hively	file_share	files	<file_type> notebook </file_type> <file_keyword> mississippi </file_keyword> <file_action> shared </file_action> to <to_contact_name> diane hively </to_contact_name>
0	sheets blogging topic idea shared to sreeramya kamma	file_share	files	<file_type> sheets </file_type> <file_keyword> blogging topic idea </file_keyword> <file_action> shared </file_action> to <to_contact_name> sreeramya kamma </to_contact_name>
0	powerpoint class shared to claudia riccomagno	file_share	files	<file_type> powerpoint </file_type> <file_keyword> class </file_keyword> <file_action> shared </file_action> to <to_contact_name> claudia riccomagno </to_contact_name>
0	sheets computer club meeting shared to huifeng sun	file_share	files	<file_type> sheets </file_type> <file_keyword> computer club meeting </file_keyword> <file_action> shared </file_action> to <to_contact_name> huifeng sun </to_contact_name>
0	mpp party at jims shared to sandeep kesiraju	file_share	files	<file_type> mpp </file_type> <file_keyword> party at jims </file_keyword> <file_action> shared </file_action> to <to_contact_name> sandeep kesiraju </to_contact_name>
0	vssx visit sussex stone shared to cenk akarsu	file_share	files	<file_type> vssx </file_type> <file_keyword> visit sussex stone </file_keyword> <file_action> shared </file_action> to <to_contact_name> cenk akarsu </to_contact_name>
0	jpg discuss further vacation details shared to darren laybourn	file_share	files	<file_type> jpg </file_type> <file_keyword> discuss further vacation details </file_keyword> <file_action> shared </file_action> to <to_contact_name> darren laybourn </to_contact_name>
0	excel saint vincent de paul shared to reggi	file_share	files	<file_type> excel </file_type> <file_keyword> saint vincent de paul </file_keyword> <file_action> shared </file_action> to <to_contact_name> reggi </to_contact_name>
0	ics cooking school shared to erel	file_share	files	<file_type> ics </file_type> <file_keyword> cooking school </file_keyword> <file_action> shared </file_action> to <to_contact_name> erel </to_contact_name>
0	mpp softball practice shared to rizvan	file_share	files	<file_type> mpp </file_type> <file_keyword> softball practice </file_keyword> <file_action> shared </file_action> to <to_contact_name> rizvan </to_contact_name>
0	Docs job shared to sandrine	file_share	files	<file_type> Docs </file_type> <file_keyword> job </file_keyword> <file_action> shared </file_action> to <to_contact_name> sandrine </to_contact_name>
0	docs no preschool shared to v rama krishnam raju indukuri	file_share	files	<file_type> docs </file_type> <file_keyword> no preschool </file_keyword> <file_action> shared </file_action> to <to_contact_name> v rama krishnam raju indukuri </to_contact_name>
0	tsv but i will talk to ron shared to fabian maciel hernandez	file_share	files	<file_type> tsv </file_type> <file_keyword> but i will talk to ron </file_keyword> <file_action> shared </file_action> to <to_contact_name> fabian maciel hernandez </to_contact_name>
0	notes girls' hair shared to vidur vatsalya	file_share	files	<file_type> notes </file_type> <file_keyword> girls' hair </file_keyword> <file_action> shared </file_action> to <to_contact_name> vidur vatsalya </to_contact_name>
0	word interview for internship shared to valentin dontsov	file_share	files	<file_type> word </file_type> <file_keyword> interview for internship </file_keyword> <file_action> shared </file_action> to <to_contact_name> valentin dontsov </to_contact_name>
0	slides pay phone bill shared to salmons	file_share	files	<file_type> slides </file_type> <file_keyword> pay phone bill </file_keyword> <file_action> shared </file_action> to <to_contact_name> salmons </to_contact_name>
0	vsdm discuss further vacation details shared to januelle roldan	file_share	files	<file_type> vsdm </file_type> <file_keyword> discuss further vacation details </file_keyword> <file_action> shared </file_action> to <to_contact_name> januelle roldan </to_contact_name>
0	mpt school carpool file shared to bruce stone	file_share	files	<file_type> mpt </file_type> <file_keyword> school carpool file </file_keyword> <file_action> shared </file_action> to <to_contact_name> bruce stone </to_contact_name>
0	vdw visit sussex stone shared to rufino	file_share	files	<file_type> vdw </file_type> <file_keyword> visit sussex stone </file_keyword> <file_action> shared </file_action> to <to_contact_name> rufino </to_contact_name>
0	Doc father appointment shared to sandeep kesiraju	file_share	files	<file_type> Doc </file_type> <file_keyword> father appointment </file_keyword> <file_action> shared </file_action> to <to_contact_name> sandeep kesiraju </to_contact_name>
0	vstm event at dia shared to aven	file_share	files	<file_type> vstm </file_type> <file_keyword> event at dia </file_keyword> <file_action> shared </file_action> to <to_contact_name> aven </to_contact_name>
0	onenote school drill shared to anil akurathi	file_share	files	<file_type> onenote </file_type> <file_keyword> school drill </file_keyword> <file_action> shared </file_action> to <to_contact_name> anil akurathi </to_contact_name>
0	tsv at the gym shared to juntai zheng	file_share	files	<file_type> tsv </file_type> <file_keyword> at the gym </file_keyword> <file_action> shared </file_action> to <to_contact_name> juntai zheng </to_contact_name>
0	worksheet see mary lou and brian shared to harvey wang	file_share	files	<file_type> worksheet </file_type> <file_keyword> see mary lou and brian </file_keyword> <file_action> shared </file_action> to <to_contact_name> harvey wang </to_contact_name>
0	vsdm boeses board meeting shared to sreeramya kamma	file_share	files	<file_type> vsdm </file_type> <file_keyword> boeses board meeting </file_keyword> <file_action> shared </file_action> to <to_contact_name> sreeramya kamma </to_contact_name>
0	excel wash windows chore shared to aven	file_share	files	<file_type> excel </file_type> <file_keyword> wash windows chore </file_keyword> <file_action> shared </file_action> to <to_contact_name> aven </to_contact_name>
0	vsd lunch with alisa shared to anil akurathi	file_share	files	<file_type> vsd </file_type> <file_keyword> lunch with alisa </file_keyword> <file_action> shared </file_action> to <to_contact_name> anil akurathi </to_contact_name>
0	pdfs appointment with dad for dinner shared to ariel ostrowski	file_share	files	<file_type> pdfs </file_type> <file_keyword> appointment with dad for dinner </file_keyword> <file_action> shared </file_action> to <to_contact_name> ariel ostrowski </to_contact_name>
0	xlsx girls' hair shared to qunyan	file_share	files	<file_type> xlsx </file_type> <file_keyword> girls' hair </file_keyword> <file_action> shared </file_action> to <to_contact_name> qunyan </to_contact_name>
0	png school carpool file shared to anil akurathi	file_share	files	<file_type> png </file_type> <file_keyword> school carpool file </file_keyword> <file_action> shared </file_action> to <to_contact_name> anil akurathi </to_contact_name>
0	excel blogging topic idea shared to cenk akarsu	file_share	files	<file_type> excel </file_type> <file_keyword> blogging topic idea </file_keyword> <file_action> shared </file_action> to <to_contact_name> cenk akarsu </to_contact_name>
0	Docx father appointment shared to tapin	file_share	files	<file_type> Docx </file_type> <file_keyword> father appointment </file_keyword> <file_action> shared </file_action> to <to_contact_name> tapin </to_contact_name>
0	vsdx event at dia shared to jordan seanor	file_share	files	<file_type> vsdx </file_type> <file_keyword> event at dia </file_keyword> <file_action> shared </file_action> to <to_contact_name> jordan seanor </to_contact_name>
0	msg oh meeting shared to robert evans	file_share	files	<file_type> msg </file_type> <file_keyword> oh meeting </file_keyword> <file_action> shared </file_action> to <to_contact_name> robert evans </to_contact_name>
0	Docs lunchtime meeting shared to simonne hewett	file_share	files	<file_type> Docs </file_type> <file_keyword> lunchtime meeting </file_keyword> <file_action> shared </file_action> to <to_contact_name> simonne hewett </to_contact_name>
0	slide event at dia shared to deranleau	file_share	files	<file_type> slide </file_type> <file_keyword> event at dia </file_keyword> <file_action> shared </file_action> to <to_contact_name> deranleau </to_contact_name>
0	msg pick up soup shared to patrick latter	file_share	files	<file_type> msg </file_type> <file_keyword> pick up soup </file_keyword> <file_action> shared </file_action> to <to_contact_name> patrick latter </to_contact_name>
0	worksheet party at jims shared to sreeramya kamma	file_share	files	<file_type> worksheet </file_type> <file_keyword> party at jims </file_keyword> <file_action> shared </file_action> to <to_contact_name> sreeramya kamma </to_contact_name>
0	xlsx register shared to gunnar andersen	file_share	files	<file_type> xlsx </file_type> <file_keyword> register </file_keyword> <file_action> shared </file_action> to <to_contact_name> gunnar andersen </to_contact_name>
0	sheets the cribbers equals scribbles shared to nigel freeman	file_share	files	<file_type> sheets </file_type> <file_keyword> the cribbers equals scribbles </file_keyword> <file_action> shared </file_action> to <to_contact_name> nigel freeman </to_contact_name>
0	presentation buddy list shared to eliyas yakub	file_share	files	<file_type> presentation </file_type> <file_keyword> buddy list </file_keyword> <file_action> shared </file_action> to <to_contact_name> eliyas yakub </to_contact_name>
0	msg at the gym shared to mounica maasala	file_share	files	<file_type> msg </file_type> <file_keyword> at the gym </file_keyword> <file_action> shared </file_action> to <to_contact_name> mounica maasala </to_contact_name>
0	deck hey king shared to aneta janisiewicz	file_share	files	<file_type> deck </file_type> <file_keyword> hey king </file_keyword> <file_action> shared </file_action> to <to_contact_name> aneta janisiewicz </to_contact_name>
0	vsdm dr ' s appointment shared to rachel potvin	file_share	files	<file_type> vsdm </file_type> <file_keyword> dr ' s appointment </file_keyword> <file_action> shared </file_action> to <to_contact_name> rachel potvin </to_contact_name>
0	word errand shared to gabriella queen	file_share	files	<file_type> word </file_type> <file_keyword> errand </file_keyword> <file_action> shared </file_action> to <to_contact_name> gabriella queen </to_contact_name>
0	xlsx new message shared to mallory baumb	file_share	files	<file_type> xlsx </file_type> <file_keyword> new message </file_keyword> <file_action> shared </file_action> to <to_contact_name> mallory baumb </to_contact_name>
0	slide holiday travel packing shared to maria teresa salichs miro	file_share	files	<file_type> slide </file_type> <file_keyword> holiday travel packing </file_keyword> <file_action> shared </file_action> to <to_contact_name> maria teresa salichs miro </to_contact_name>
0	jpg family friday shared to huifeng sun	file_share	files	<file_type> jpg </file_type> <file_keyword> family friday </file_keyword> <file_action> shared </file_action> to <to_contact_name> huifeng sun </to_contact_name>
0	workbook staff meeting for nicole shared to millie webster	file_share	files	<file_type> workbook </file_type> <file_keyword> staff meeting for nicole </file_keyword> <file_action> shared </file_action> to <to_contact_name> millie webster </to_contact_name>
0	slides pick up milk on the way home shared to valentin dontsov	file_share	files	<file_type> slides </file_type> <file_keyword> pick up milk on the way home </file_keyword> <file_action> shared </file_action> to <to_contact_name> valentin dontsov </to_contact_name>
0	ppt pick jenna up from the airport shared to huifeng sun	file_share	files	<file_type> ppt </file_type> <file_keyword> pick jenna up from the airport </file_keyword> <file_action> shared </file_action> to <to_contact_name> huifeng sun </to_contact_name>
0	doc human resources meeting shared to amith t	file_share	files	<file_type> doc </file_type> <file_keyword> human resources meeting </file_keyword> <file_action> shared </file_action> to <to_contact_name> amith t </to_contact_name>
0	notebook psychology in practice shared to madhusudhan pulugoru	file_share	files	<file_type> notebook </file_type> <file_keyword> psychology in practice </file_keyword> <file_action> shared </file_action> to <to_contact_name> madhusudhan pulugoru </to_contact_name>
0	slide fishing trip with my family shared to mark bevier	file_share	files	<file_type> slide </file_type> <file_keyword> fishing trip with my family </file_keyword> <file_action> shared </file_action> to <to_contact_name> mark bevier </to_contact_name>
0	vstm meeting the staff shared to niladri ghosh	file_share	files	<file_type> vstm </file_type> <file_keyword> meeting the staff </file_keyword> <file_action> shared </file_action> to <to_contact_name> niladri ghosh </to_contact_name>
0	note dr ' s appointment shared to jeremy rodriguez arroyo	file_share	files	<file_type> note </file_type> <file_keyword> dr ' s appointment </file_keyword> <file_action> shared </file_action> to <to_contact_name> jeremy rodriguez arroyo </to_contact_name>
0	slide doctor kibler shared to limin zhang	file_share	files	<file_type> slide </file_type> <file_keyword> doctor kibler </file_keyword> <file_action> shared </file_action> to <to_contact_name> limin zhang </to_contact_name>
0	vssx ise shared to angelo torres	file_share	files	<file_type> vssx </file_type> <file_keyword> ise </file_keyword> <file_action> shared </file_action> to <to_contact_name> angelo torres </to_contact_name>
0	ppts kim meeting shared to kevin sangwell	file_share	files	<file_type> ppts </file_type> <file_keyword> kim meeting </file_keyword> <file_action> shared </file_action> to <to_contact_name> kevin sangwell </to_contact_name>
0	spreadsheets write some carrots shared to prasad raghavendra	file_share	files	<file_type> spreadsheets </file_type> <file_keyword> write some carrots </file_keyword> <file_action> shared </file_action> to <to_contact_name> prasad raghavendra </to_contact_name>
0	vst at the gym shared to rohit .	file_share	files	<file_type> vst </file_type> <file_keyword> at the gym </file_keyword> <file_action> shared </file_action> to <to_contact_name> rohit . </to_contact_name>
0	presentation meet his hair clinic shared to grzegorz musialek	file_share	files	<file_type> presentation </file_type> <file_keyword> meet his hair clinic </file_keyword> <file_action> shared </file_action> to <to_contact_name> grzegorz musialek </to_contact_name>
0	xlsx oh meeting shared to cristian brutaru	file_share	files	<file_type> xlsx </file_type> <file_keyword> oh meeting </file_keyword> <file_action> shared </file_action> to <to_contact_name> cristian brutaru </to_contact_name>
0	Docx big pickles shared to miyakawa	file_share	files	<file_type> Docx </file_type> <file_keyword> big pickles </file_keyword> <file_action> shared </file_action> to <to_contact_name> miyakawa </to_contact_name>
0	Docs discuss forward plan shared to isabel chien	file_share	files	<file_type> Docs </file_type> <file_keyword> discuss forward plan </file_keyword> <file_action> shared </file_action> to <to_contact_name> isabel chien </to_contact_name>
0	vssm doctor kibler shared to tapin	file_share	files	<file_type> vssm </file_type> <file_keyword> doctor kibler </file_keyword> <file_action> shared </file_action> to <to_contact_name> tapin </to_contact_name>
0	ppts call work about changing to direct deposit shared to salmons	file_share	files	<file_type> ppts </file_type> <file_keyword> call work about changing to direct deposit </file_keyword> <file_action> shared </file_action> to <to_contact_name> salmons </to_contact_name>
0	xlsx new products 2015 shared to stephen dahl	file_share	files	<file_type> xlsx </file_type> <file_keyword> new products 2015 </file_keyword> <file_action> shared </file_action> to <to_contact_name> stephen dahl </to_contact_name>
0	msg student marshal meeting shared to sanju jain	file_share	files	<file_type> msg </file_type> <file_keyword> student marshal meeting </file_keyword> <file_action> shared </file_action> to <to_contact_name> sanju jain </to_contact_name>
0	xlsx neuro overflow room shared to max salzmann	file_share	files	<file_type> xlsx </file_type> <file_keyword> neuro overflow room </file_keyword> <file_action> shared </file_action> to <to_contact_name> max salzmann </to_contact_name>
0	excels link meeting shared to taku nakata	file_share	files	<file_type> excels </file_type> <file_keyword> link meeting </file_keyword> <file_action> shared </file_action> to <to_contact_name> taku nakata </to_contact_name>
0	sheets blogging topic idea shared to antti	file_share	files	<file_type> sheets </file_type> <file_keyword> blogging topic idea </file_keyword> <file_action> shared </file_action> to <to_contact_name> antti </to_contact_name>
0	ppt register shared to reggi	file_share	files	<file_type> ppt </file_type> <file_keyword> register </file_keyword> <file_action> shared </file_action> to <to_contact_name> reggi </to_contact_name>
0	deck heart disease shared to nigel freeman	file_share	files	<file_type> deck </file_type> <file_keyword> heart disease </file_keyword> <file_action> shared </file_action> to <to_contact_name> nigel freeman </to_contact_name>
0	vstm tray ' s birthday shared to ismail kose	file_share	files	<file_type> vstm </file_type> <file_keyword> tray ' s birthday </file_keyword> <file_action> shared </file_action> to <to_contact_name> ismail kose </to_contact_name>
0	xlsx big pickles shared to sreeramya kamma	file_share	files	<file_type> xlsx </file_type> <file_keyword> big pickles </file_keyword> <file_action> shared </file_action> to <to_contact_name> sreeramya kamma </to_contact_name>
0	spreadsheet pick up isaiah shared to brendan	file_share	files	<file_type> spreadsheet </file_type> <file_keyword> pick up isaiah </file_keyword> <file_action> shared </file_action> to <to_contact_name> brendan </to_contact_name>
0	jpg son needs a shot shared to jeremy rodriguez arroyo	file_share	files	<file_type> jpg </file_type> <file_keyword> son needs a shot </file_keyword> <file_action> shared </file_action> to <to_contact_name> jeremy rodriguez arroyo </to_contact_name>
0	jpg job shared to marcela torres	file_share	files	<file_type> jpg </file_type> <file_keyword> job </file_keyword> <file_action> shared </file_action> to <to_contact_name> marcela torres </to_contact_name>
0	xls discuss forward plan shared to v rama krishnam raju indukuri	file_share	files	<file_type> xls </file_type> <file_keyword> discuss forward plan </file_keyword> <file_action> shared </file_action> to <to_contact_name> v rama krishnam raju indukuri </to_contact_name>
0	powerpoints calls shared to misba momin	file_share	files	<file_type> powerpoints </file_type> <file_keyword> calls </file_keyword> <file_action> shared </file_action> to <to_contact_name> misba momin </to_contact_name>
0	vssx office appointment shared to chaozhuo li	file_share	files	<file_type> vssx </file_type> <file_keyword> office appointment </file_keyword> <file_action> shared </file_action> to <to_contact_name> chaozhuo li </to_contact_name>
0	notebooks mom was taken to the hospital shared to sanju jain	file_share	files	<file_type> notebooks </file_type> <file_keyword> mom was taken to the hospital </file_keyword> <file_action> shared </file_action> to <to_contact_name> sanju jain </to_contact_name>
