0	send stemp gouemo my mr. johnson bill walk vst	file_share	files	send <to_contact_name> stemp gouemo </to_contact_name> <contact_name> my </contact_name> <file_keyword> mr. johnson bill walk </file_keyword> <file_type> vst </file_type>
0	send sonbert odulio glehen mailes my bank vsdm	file_share	files	send <to_contact_name> sonbert odulio glehen mailes </to_contact_name> <contact_name> my </contact_name> <file_keyword> bank </file_keyword> <file_type> vsdm </file_type>
0	send shoemo florenzani zamrii ciapponi my bill cycle Docs	file_share	files	send <to_contact_name> shoemo florenzani zamrii ciapponi </to_contact_name> <contact_name> my </contact_name> <file_keyword> bill cycle </file_keyword> <file_type> Docs </file_type>
0	send siyahdemir cruz-perez xris luettwitz my junior regata ics	file_share	files	send <to_contact_name> siyahdemir cruz-perez xris luettwitz </to_contact_name> <contact_name> my </contact_name> <file_keyword> junior regata </file_keyword> <file_type> ics </file_type>
0	send pantea calca my p t Doc	file_share	files	send <to_contact_name> pantea calca </to_contact_name> <contact_name> my </contact_name> <file_keyword> p t </file_keyword> <file_type> Doc </file_type>
0	send kornil'evich my mothers graduation notebooks	file_share	files	send <to_contact_name> kornil'evich </to_contact_name> <contact_name> my </contact_name> <file_keyword> mothers graduation </file_keyword> <file_type> notebooks </file_type>
0	send zirnovean setsusaburo my buy easter candy vsdx	file_share	files	send <to_contact_name> zirnovean setsusaburo </to_contact_name> <contact_name> my </contact_name> <file_keyword> buy easter candy </file_keyword> <file_type> vsdx </file_type>
0	send himot grouitch oding my get up for general session slide	file_share	files	send <to_contact_name> himot grouitch oding </to_contact_name> <contact_name> my </contact_name> <file_keyword> get up for general session </file_keyword> <file_type> slide </file_type>
0	send bratulescu doudna guazzarotto noeller my good depot gif	file_share	files	send <to_contact_name> bratulescu doudna guazzarotto noeller </to_contact_name> <contact_name> my </contact_name> <file_keyword> good depot </file_keyword> <file_type> gif </file_type>
0	send turkdogan temperani elegic my marilyn png	file_share	files	send <to_contact_name> turkdogan temperani elegic </to_contact_name> <contact_name> my </contact_name> <file_keyword> marilyn </file_keyword> <file_type> png </file_type>
0	send odulio prtljaga malîhin ostrolenk my macy's shopping gif	file_share	files	send <to_contact_name> odulio prtljaga malîhin ostrolenk </to_contact_name> <contact_name> my </contact_name> <file_keyword> macy's shopping </file_keyword> <file_type> gif </file_type>
0	send hombracht dibwan cavasin my work appointments doc	file_share	files	send <to_contact_name> hombracht dibwan cavasin </to_contact_name> <contact_name> my </contact_name> <file_keyword> work appointments </file_keyword> <file_type> doc </file_type>
0	send langset zelyaeva sariem ciapponi my dancing appointment slides	file_share	files	send <to_contact_name> langset zelyaeva sariem ciapponi </to_contact_name> <contact_name> my </contact_name> <file_keyword> dancing appointment </file_keyword> <file_type> slides </file_type>
0	send huddén my going to lamesa presentations	file_share	files	send <to_contact_name> huddén </to_contact_name> <contact_name> my </contact_name> <file_keyword> going to lamesa </file_keyword> <file_type> presentations </file_type>
0	send powhida lukama my williams vss	file_share	files	send <to_contact_name> powhida lukama </to_contact_name> <contact_name> my </contact_name> <file_keyword> williams </file_keyword> <file_type> vss </file_type>
0	send malîhin kampbell riefkohl nokado my items needed for kids school snack Docs	file_share	files	send <to_contact_name> malîhin kampbell riefkohl nokado </to_contact_name> <contact_name> my </contact_name> <file_keyword> items needed for kids school snack </file_keyword> <file_type> Docs </file_type>
0	send judlova my have day off notes	file_share	files	send <to_contact_name> judlova </to_contact_name> <contact_name> my </contact_name> <file_keyword> have day off </file_keyword> <file_type> notes </file_type>
0	send zirnovean eshbaugh-soha my terraria dot exe notes	file_share	files	send <to_contact_name> zirnovean eshbaugh-soha </to_contact_name> <contact_name> my </contact_name> <file_keyword> terraria dot exe </file_keyword> <file_type> notes </file_type>
0	send cruz-perez my meet emily vst	file_share	files	send <to_contact_name> cruz-perez </to_contact_name> <contact_name> my </contact_name> <file_keyword> meet emily </file_keyword> <file_type> vst </file_type>
0	send medvedev disterheft ollech okkert my work appointments vsdm	file_share	files	send <to_contact_name> medvedev disterheft ollech okkert </to_contact_name> <contact_name> my </contact_name> <file_keyword> work appointments </file_keyword> <file_type> vsdm </file_type>
0	send bolsing grokhovski odulio my todd presentations	file_share	files	send <to_contact_name> bolsing grokhovski odulio </to_contact_name> <contact_name> my </contact_name> <file_keyword> todd </file_keyword> <file_type> presentations </file_type>
0	send branover mandras callister my coffee and yoga powerpoint	file_share	files	send <to_contact_name> branover mandras callister </to_contact_name> <contact_name> my </contact_name> <file_keyword> coffee and yoga </file_keyword> <file_type> powerpoint </file_type>
0	send edgar-rodolphe-eugene vandelden luettwitz kruppel my terraria dot exe workbook	file_share	files	send <to_contact_name> edgar-rodolphe-eugene vandelden luettwitz kruppel </to_contact_name> <contact_name> my </contact_name> <file_keyword> terraria dot exe </file_keyword> <file_type> workbook </file_type>
0	send madoc roccaro sardà my rebecca meeting jpeg	file_share	files	send <to_contact_name> madoc roccaro sardà </to_contact_name> <contact_name> my </contact_name> <file_keyword> rebecca meeting </file_keyword> <file_type> jpeg </file_type>
0	send grandower my golf event vssx	file_share	files	send <to_contact_name> grandower </to_contact_name> <contact_name> my </contact_name> <file_keyword> golf event </file_keyword> <file_type> vssx </file_type>
0	send flowerday disterheft my saint patricks spreadsheets	file_share	files	send <to_contact_name> flowerday disterheft </to_contact_name> <contact_name> my </contact_name> <file_keyword> saint patricks </file_keyword> <file_type> spreadsheets </file_type>
0	send noeller synefakopoulos sztajnert shibko my robotics msg	file_share	files	send <to_contact_name> noeller synefakopoulos sztajnert shibko </to_contact_name> <contact_name> my </contact_name> <file_keyword> robotics </file_keyword> <file_type> msg </file_type>
0	send eshbaugh-soha suboteljski dakingari ollech my birthing plan vss	file_share	files	send <to_contact_name> eshbaugh-soha suboteljski dakingari ollech </to_contact_name> <contact_name> my </contact_name> <file_keyword> birthing plan </file_keyword> <file_type> vss </file_type>
0	send elgebrant my madam butterfly worksheet	file_share	files	send <to_contact_name> elgebrant </to_contact_name> <contact_name> my </contact_name> <file_keyword> madam butterfly </file_keyword> <file_type> worksheet </file_type>
0	send riefkohl shmirina my lokesh spec	file_share	files	send <to_contact_name> riefkohl shmirina </to_contact_name> <contact_name> my </contact_name> <file_keyword> lokesh spec </file_keyword>
0	send venham my anniversaries msg	file_share	files	send <to_contact_name> venham </to_contact_name> <contact_name> my </contact_name> <file_keyword> anniversaries </file_keyword> <file_type> msg </file_type>
0	send guazzarotto noeller my figure out jake ' s presentations	file_share	files	send <to_contact_name> guazzarotto noeller </to_contact_name> <contact_name> my </contact_name> <file_keyword> figure out jake ' s </file_keyword> <file_type> presentations </file_type>
0	send ciapponi my tech crew clear up OneNote	file_share	files	send <to_contact_name> ciapponi </to_contact_name> <contact_name> my </contact_name> <file_keyword> tech crew clear up </file_keyword> <file_type> OneNote </file_type>
0	send guajardo luettwitz my law firm a meeting onenote	file_share	files	send <to_contact_name> guajardo luettwitz </to_contact_name> <contact_name> my </contact_name> <file_keyword> law firm a meeting </file_keyword> <file_type> onenote </file_type>
0	send bratulescu my birthday party for sarah fay docs	file_share	files	send <to_contact_name> bratulescu </to_contact_name> <contact_name> my </contact_name> <file_keyword> birthday party for sarah fay </file_keyword> <file_type> docs </file_type>
0	send sunpie eshbaugh-soha sheelar mahefarinoro my law firm a meeting ppts	file_share	files	send <to_contact_name> sunpie eshbaugh-soha sheelar mahefarinoro </to_contact_name> <contact_name> my </contact_name> <file_keyword> law firm a meeting </file_keyword> <file_type> ppts </file_type>
0	send goodrem vandelden glasco my robotics notebook	file_share	files	send <to_contact_name> goodrem vandelden glasco </to_contact_name> <contact_name> my </contact_name> <file_keyword> robotics </file_keyword> <file_type> notebook </file_type>
0	send popyrin yikang merribelle sheelar my birthing plan pdfs	file_share	files	send <to_contact_name> popyrin yikang merribelle sheelar </to_contact_name> <contact_name> my </contact_name> <file_keyword> birthing plan </file_keyword> <file_type> pdfs </file_type>
0	send judlova resos my pick up shane from school workbook	file_share	files	send <to_contact_name> judlova resos </to_contact_name> <contact_name> my </contact_name> <file_keyword> pick up shane from school </file_keyword> <file_type> workbook </file_type>
0	send dunafi sunpie my lucy n excel	file_share	files	send <to_contact_name> dunafi sunpie </to_contact_name> <contact_name> my </contact_name> <file_keyword> lucy n </file_keyword> <file_type> excel </file_type>
0	send plancina my long grain distributors ics	file_share	files	send <to_contact_name> plancina </to_contact_name> <contact_name> my </contact_name> <file_keyword> long grain distributors </file_keyword> <file_type> ics </file_type>
0	send kampbell my yoga session ppt	file_share	files	send <to_contact_name> kampbell </to_contact_name> <contact_name> my </contact_name> <file_keyword> yoga session </file_keyword> <file_type> ppt </file_type>
0	send mahefarinoro havisto my yoga session notes	file_share	files	send <to_contact_name> mahefarinoro havisto </to_contact_name> <contact_name> my </contact_name> <file_keyword> yoga session </file_keyword> <file_type> notes </file_type>
0	send ja-mi my miscellaneous ics	file_share	files	send <to_contact_name> ja-mi </to_contact_name> <contact_name> my </contact_name> <file_keyword> miscellaneous </file_keyword> <file_type> ics </file_type>
0	send mirlos delbos isom my meet paul lowe for coffee powerpoint	file_share	files	send <to_contact_name> mirlos delbos isom </to_contact_name> <contact_name> my </contact_name> <file_keyword> meet paul lowe for coffee </file_keyword> <file_type> powerpoint </file_type>
0	send merribelle jesinbai my call ron at lowe's about nickerson cabinets word	file_share	files	send <to_contact_name> merribelle jesinbai </to_contact_name> <contact_name> my </contact_name> <file_keyword> call ron at lowe's about nickerson cabinets </file_keyword> <file_type> word </file_type>
0	send zirnovean kailing powhida my call susan at bucra presentation	file_share	files	send <to_contact_name> zirnovean kailing powhida </to_contact_name> <contact_name> my </contact_name> <file_keyword> call susan at bucra </file_keyword> <file_type> presentation </file_type>
0	send umamikui vattani my rebecca meeting mpt	file_share	files	send <to_contact_name> umamikui vattani </to_contact_name> <contact_name> my </contact_name> <file_keyword> rebecca meeting </file_keyword> <file_type> mpt </file_type>
0	send borovkova huddén kampbell my d m v slides	file_share	files	send <to_contact_name> borovkova huddén kampbell </to_contact_name> <contact_name> my </contact_name> <file_keyword> d m v </file_keyword> <file_type> slides </file_type>
0	send pantea disterheft noeller normile my catching up powerpoints	file_share	files	send <to_contact_name> pantea disterheft noeller normile </to_contact_name> <contact_name> my </contact_name> <file_keyword> catching up </file_keyword> <file_type> powerpoints </file_type>
0	send medvedev my study for comptia vsdx	file_share	files	send <to_contact_name> medvedev </to_contact_name> <contact_name> my </contact_name> <file_keyword> study for comptia </file_keyword> <file_type> vsdx </file_type>
0	send merribelle mannestig dunafi grouitch my return the dvd presentations	file_share	files	send <to_contact_name> merribelle mannestig dunafi grouitch </to_contact_name> <contact_name> my </contact_name> <file_keyword> return the dvd </file_keyword> <file_type> presentations </file_type>
0	send cruz-perez langset my zarina ' s house Docx	file_share	files	send <to_contact_name> cruz-perez langset </to_contact_name> <contact_name> my </contact_name> <file_keyword> zarina ' s house </file_keyword> <file_type> Docx </file_type>
0	send suttie kruppel my miscellaneous pdfs	file_share	files	send <to_contact_name> suttie kruppel </to_contact_name> <contact_name> my </contact_name> <file_keyword> miscellaneous </file_keyword> <file_type> pdfs </file_type>
0	send mathbar my collin wake up tsv	file_share	files	send <to_contact_name> mathbar </to_contact_name> <contact_name> my </contact_name> <file_keyword> collin wake up </file_keyword> <file_type> tsv </file_type>
0	send flowerday ephrem florenzani my catching up pptx	file_share	files	send <to_contact_name> flowerday ephrem florenzani </to_contact_name> <contact_name> my </contact_name> <file_keyword> catching up </file_keyword> <file_type> pptx </file_type>
0	send noeller guajardo florenzani tassaduq my yoga session slide	file_share	files	send <to_contact_name> noeller guajardo florenzani tassaduq </to_contact_name> <contact_name> my </contact_name> <file_keyword> yoga session </file_keyword> <file_type> slide </file_type>
0	send schloeffel schweppe paternóster my go to dcs infrastructure onenotes	file_share	files	send <to_contact_name> schloeffel schweppe paternóster </to_contact_name> <contact_name> my </contact_name> <file_keyword> go to dcs infrastructure </file_keyword> <file_type> onenotes </file_type>
0	send merribelle luettwitz ostrolenk plancina my who censored fox's mom? Docx	file_share	files	send <to_contact_name> merribelle luettwitz ostrolenk plancina </to_contact_name> <contact_name> my </contact_name> <file_keyword> who censored fox's mom? </file_keyword> <file_type> Docx </file_type>
0	send temperani karban odgerel my meet darren at pro bowl doc	file_share	files	send <to_contact_name> temperani karban odgerel </to_contact_name> <contact_name> my </contact_name> <file_keyword> meet darren at pro bowl </file_keyword> <file_type> doc </file_type>
0	send stempihar noeller my ritorna old workbook	file_share	files	send <to_contact_name> stempihar noeller </to_contact_name> <contact_name> my </contact_name> <file_keyword> ritorna old </file_keyword> <file_type> workbook </file_type>
0	send harazha medvedev mathbar zamrii my cookie party pdf	file_share	files	send <to_contact_name> harazha medvedev mathbar zamrii </to_contact_name> <contact_name> my </contact_name> <file_keyword> cookie party </file_keyword> <file_type> pdf </file_type>
0	send ciapponi sandritter hiriam my lunch with yall slides	file_share	files	send <to_contact_name> ciapponi sandritter hiriam </to_contact_name> <contact_name> my </contact_name> <file_keyword> lunch with yall </file_keyword> <file_type> slides </file_type>
0	send sdringola pantea odgerel sandritter my module for test vssm	file_share	files	send <to_contact_name> sdringola pantea odgerel sandritter </to_contact_name> <contact_name> my </contact_name> <file_keyword> module for test </file_keyword> <file_type> vssm </file_type>
0	send najafian vattani my raffle ics	file_share	files	send <to_contact_name> najafian vattani </to_contact_name> <contact_name> my </contact_name> <file_keyword> raffle </file_keyword> <file_type> ics </file_type>
0	send yumigeta my sex meeting doc	file_share	files	send <to_contact_name> yumigeta </to_contact_name> <contact_name> my </contact_name> <file_keyword> sex meeting </file_keyword> <file_type> doc </file_type>
0	send bonito my madam butterfly pdf	file_share	files	send <to_contact_name> bonito </to_contact_name> <contact_name> my </contact_name> <file_keyword> madam butterfly </file_keyword> <file_type> pdf </file_type>
0	send riefkohl ephrem d'alberní my zarina ' s house vsd	file_share	files	send <to_contact_name> riefkohl ephrem d'alberní </to_contact_name> <contact_name> my </contact_name> <file_keyword> zarina ' s house </file_keyword> <file_type> vsd </file_type>
0	send harazha my who censored fox's mom? spec	file_share	files	send <to_contact_name> harazha </to_contact_name> <contact_name> my </contact_name> <file_keyword> who censored fox's mom? spec </file_keyword>
0	send eguaras riefkohl mededovic my site visits ppt	file_share	files	send <to_contact_name> eguaras riefkohl mededovic </to_contact_name> <contact_name> my </contact_name> <file_keyword> site visits </file_keyword> <file_type> ppt </file_type>
0	send manuk my check schedule gif	file_share	files	send <to_contact_name> manuk </to_contact_name> <contact_name> my </contact_name> <file_keyword> check schedule </file_keyword> <file_type> gif </file_type>
0	send mandras judlova zeyst my requests spec	file_share	files	send <to_contact_name> mandras judlova zeyst </to_contact_name> <contact_name> my </contact_name> <file_keyword> requests spec </file_keyword>
0	send glasco milicchio chiyotenzan suttie my tabi ' s recipe deck	file_share	files	send <to_contact_name> glasco milicchio chiyotenzan suttie </to_contact_name> <contact_name> my </contact_name> <file_keyword> tabi ' s recipe </file_keyword> <file_type> deck </file_type>
0	send moreano my little PDF	file_share	files	send <to_contact_name> moreano </to_contact_name> <contact_name> my </contact_name> <file_keyword> little </file_keyword> <file_type> PDF </file_type>
0	send linzenberg ollech my tabi ' s recipe jpg	file_share	files	send <to_contact_name> linzenberg ollech </to_contact_name> <contact_name> my </contact_name> <file_keyword> tabi ' s recipe </file_keyword> <file_type> jpg </file_type>
0	send dunafi kyoyama gurrera my rebecca meeting ics	file_share	files	send <to_contact_name> dunafi kyoyama gurrera </to_contact_name> <contact_name> my </contact_name> <file_keyword> rebecca meeting </file_keyword> <file_type> ics </file_type>
0	send kereszy my song lyrics slides	file_share	files	send <to_contact_name> kereszy </to_contact_name> <contact_name> my </contact_name> <file_keyword> song lyrics </file_keyword> <file_type> slides </file_type>
0	send ostrolenk dibwan mededovic medvedev my windsor ribfest pptx	file_share	files	send <to_contact_name> ostrolenk dibwan mededovic medvedev </to_contact_name> <contact_name> my </contact_name> <file_keyword> windsor ribfest </file_keyword> <file_type> pptx </file_type>
0	send manuk my appointment to dentist vsdm	file_share	files	send <to_contact_name> manuk </to_contact_name> <contact_name> my </contact_name> <file_keyword> appointment to dentist </file_keyword> <file_type> vsdm </file_type>
0	send disterheft taleq prtljaga powhida my birthing plan PDF	file_share	files	send <to_contact_name> disterheft taleq prtljaga powhida </to_contact_name> <contact_name> my </contact_name> <file_keyword> birthing plan </file_keyword> <file_type> PDF </file_type>
0	send pelinovic schweppe d'alberní my rugby vssm	file_share	files	send <to_contact_name> pelinovic schweppe d'alberní </to_contact_name> <contact_name> my </contact_name> <file_keyword> rugby </file_keyword> <file_type> vssm </file_type>
0	send plancina my kansas city Docx	file_share	files	send <to_contact_name> plancina </to_contact_name> <contact_name> my </contact_name> <file_keyword> kansas city </file_keyword> <file_type> Docx </file_type>
0	send kampbell suganomata okkert my call ron at lowe's about nickerson cabinets presentations	file_share	files	send <to_contact_name> kampbell suganomata okkert </to_contact_name> <contact_name> my </contact_name> <file_keyword> call ron at lowe's about nickerson cabinets </file_keyword> <file_type> presentations </file_type>
0	send picaso my get married csv	file_share	files	send <to_contact_name> picaso </to_contact_name> <contact_name> my </contact_name> <file_keyword> get married </file_keyword> <file_type> csv </file_type>
0	send noeller ribley sheelar my ac wedding spreadsheet	file_share	files	send <to_contact_name> noeller ribley sheelar </to_contact_name> <contact_name> my </contact_name> <file_keyword> ac wedding </file_keyword> <file_type> spreadsheet </file_type>
0	send commer my rugby powerpoint	file_share	files	send <to_contact_name> commer </to_contact_name> <contact_name> my </contact_name> <file_keyword> rugby </file_keyword> <file_type> powerpoint </file_type>
0	send popyrin sunpie branover my party attendees ics	file_share	files	send <to_contact_name> popyrin sunpie branover </to_contact_name> <contact_name> my </contact_name> <file_keyword> party attendees </file_keyword> <file_type> ics </file_type>
0	send secanu galushka-duyunova canel sardà my do list vsdm	file_share	files	send <to_contact_name> secanu galushka-duyunova canel sardà </to_contact_name> <contact_name> my </contact_name> <file_keyword> do list </file_keyword> <file_type> vsdm </file_type>
0	send bodenhamer horina adel?son-vel?ski? my elena ' s birthday OneNote	file_share	files	send <to_contact_name> bodenhamer horina adel?son-vel?ski? </to_contact_name> <contact_name> my </contact_name> <file_keyword> elena ' s birthday </file_keyword> <file_type> OneNote </file_type>
0	send richstatter my favourites spreadsheets	file_share	files	send <to_contact_name> richstatter </to_contact_name> <contact_name> my </contact_name> <file_keyword> favourites </file_keyword> <file_type> spreadsheets </file_type>
0	send sandritter sunpie franganito prtljaga my miscellaneous pdfs	file_share	files	send <to_contact_name> sandritter sunpie franganito prtljaga </to_contact_name> <contact_name> my </contact_name> <file_keyword> miscellaneous </file_keyword> <file_type> pdfs </file_type>
0	send stempihar my pick up shane from school Doc	file_share	files	send <to_contact_name> stempihar </to_contact_name> <contact_name> my </contact_name> <file_keyword> pick up shane from school </file_keyword> <file_type> Doc </file_type>
0	send weinhauer tokushima my training day excels	file_share	files	send <to_contact_name> weinhauer tokushima </to_contact_name> <contact_name> my </contact_name> <file_keyword> training day </file_keyword> <file_type> excels </file_type>
0	send adel?son-vel?ski? my sales and receipts vdw	file_share	files	send <to_contact_name> adel?son-vel?ski? </to_contact_name> <contact_name> my </contact_name> <file_keyword> sales and receipts </file_keyword> <file_type> vdw </file_type>
0	send huddén shibko my dental appointment cleaning msg	file_share	files	send <to_contact_name> huddén shibko </to_contact_name> <contact_name> my </contact_name> <file_keyword> dental appointment cleaning </file_keyword> <file_type> msg </file_type>
0	send baneton grouitch wonsik my how much would a woodchuck chuck if a woodchuck could chuck wood? notes	file_share	files	send <to_contact_name> baneton grouitch wonsik </to_contact_name> <contact_name> my </contact_name> <file_keyword> how much would a woodchuck chuck if a woodchuck could chuck wood? </file_keyword> <file_type> notes </file_type>
0	send vandelden eshbaugh-soha my appointment to dentist ppt	file_share	files	send <to_contact_name> vandelden eshbaugh-soha </to_contact_name> <contact_name> my </contact_name> <file_keyword> appointment to dentist </file_keyword> <file_type> ppt </file_type>
0	send biesebroeck my lunch with yall worksheet	file_share	files	send <to_contact_name> biesebroeck </to_contact_name> <contact_name> my </contact_name> <file_keyword> lunch with yall </file_keyword> <file_type> worksheet </file_type>
0	send kruppel my erica gif	file_share	files	send <to_contact_name> kruppel </to_contact_name> <contact_name> my </contact_name> <file_keyword> erica </file_keyword> <file_type> gif </file_type>
0	send ephrem sardà my birthday party for sarah fay png	file_share	files	send <to_contact_name> ephrem sardà </to_contact_name> <contact_name> my </contact_name> <file_keyword> birthday party for sarah fay </file_keyword> <file_type> png </file_type>
0	send bonito roccaro normile my pick up soup notes	file_share	files	send <to_contact_name> bonito roccaro normile </to_contact_name> <contact_name> my </contact_name> <file_keyword> pick up soup </file_keyword> <file_type> notes </file_type>
0	send elgebrant calca fritzner baneton my work project task worksheet	file_share	files	send <to_contact_name> elgebrant calca fritzner baneton </to_contact_name> <contact_name> my </contact_name> <file_keyword> work project task </file_keyword> <file_type> worksheet </file_type>
0	send failoni my yoga session notes	file_share	files	send <to_contact_name> failoni </to_contact_name> <contact_name> my </contact_name> <file_keyword> yoga session </file_keyword> <file_type> notes </file_type>
0	send vattani bytch sheelar my meet rich PDF	file_share	files	send <to_contact_name> vattani bytch sheelar </to_contact_name> <contact_name> my </contact_name> <file_keyword> meet rich </file_keyword> <file_type> PDF </file_type>
0	send elgebrant failoni yevstafiya my cdw team mpt	file_share	files	send <to_contact_name> elgebrant failoni yevstafiya </to_contact_name> <contact_name> my </contact_name> <file_keyword> cdw team </file_keyword> <file_type> mpt </file_type>
0	send ciapponi ephrem my birthday party for sarah fay ppt	file_share	files	send <to_contact_name> ciapponi ephrem </to_contact_name> <contact_name> my </contact_name> <file_keyword> birthday party for sarah fay </file_keyword> <file_type> ppt </file_type>
0	send guazzarotto my hello kevin deck	file_share	files	send <to_contact_name> guazzarotto </to_contact_name> <contact_name> my </contact_name> <file_keyword> hello kevin </file_keyword> <file_type> deck </file_type>
0	send sztajnert my back to school bash vssm	file_share	files	send <to_contact_name> sztajnert </to_contact_name> <contact_name> my </contact_name> <file_keyword> back to school bash </file_keyword> <file_type> vssm </file_type>
0	send sereseres jesinbai my lunch wit jen pdfs	file_share	files	send <to_contact_name> sereseres jesinbai </to_contact_name> <contact_name> my </contact_name> <file_keyword> lunch wit jen </file_keyword> <file_type> pdfs </file_type>
0	send vattani commer sardà mosges my hourly word	file_share	files	send <to_contact_name> vattani commer sardà mosges </to_contact_name> <contact_name> my </contact_name> <file_keyword> hourly </file_keyword> <file_type> word </file_type>
0	send dakingari my hunky dorey party powerpoints	file_share	files	send <to_contact_name> dakingari </to_contact_name> <contact_name> my </contact_name> <file_keyword> hunky dorey party </file_keyword> <file_type> powerpoints </file_type>
0	send biesebroeck my women ' s luncheon pptx	file_share	files	send <to_contact_name> biesebroeck </to_contact_name> <contact_name> my </contact_name> <file_keyword> women ' s luncheon </file_keyword> <file_type> pptx </file_type>
0	send kornil'evich biesebroeck sveinbjörn grandower my williams note	file_share	files	send <to_contact_name> kornil'evich biesebroeck sveinbjörn grandower </to_contact_name> <contact_name> my </contact_name> <file_keyword> williams </file_keyword> <file_type> note </file_type>
0	send sehoueto paternóster my banana cakes msg	file_share	files	send <to_contact_name> sehoueto paternóster </to_contact_name> <contact_name> my </contact_name> <file_keyword> banana cakes </file_keyword> <file_type> msg </file_type>
0	send normile my macys shopping xlsx	file_share	files	send <to_contact_name> normile </to_contact_name> <contact_name> my </contact_name> <file_keyword> macys shopping </file_keyword> <file_type> xlsx </file_type>
0	send yikang my long grain distributors vssx	file_share	files	send <to_contact_name> yikang </to_contact_name> <contact_name> my </contact_name> <file_keyword> long grain distributors </file_keyword> <file_type> vssx </file_type>
0	send oding my meet darren at pro bowl slide	file_share	files	send <to_contact_name> oding </to_contact_name> <contact_name> my </contact_name> <file_keyword> meet darren at pro bowl </file_keyword> <file_type> slide </file_type>
0	send kyria baneton fritzner yumigeta my doctor apt powerpoint	file_share	files	send <to_contact_name> kyria baneton fritzner yumigeta </to_contact_name> <contact_name> my </contact_name> <file_keyword> doctor apt </file_keyword> <file_type> powerpoint </file_type>
0	send suganomata trattou weinhauer my hello kevin pptx	file_share	files	send <to_contact_name> suganomata trattou weinhauer </to_contact_name> <contact_name> my </contact_name> <file_keyword> hello kevin </file_keyword> <file_type> pptx </file_type>
0	send koleade callister biesebroeck my kansas city mpp	file_share	files	send <to_contact_name> koleade callister biesebroeck </to_contact_name> <contact_name> my </contact_name> <file_keyword> kansas city </file_keyword> <file_type> mpp </file_type>
0	send havisto my zarina ' s house vsd	file_share	files	send <to_contact_name> havisto </to_contact_name> <contact_name> my </contact_name> <file_keyword> zarina ' s house </file_keyword> <file_type> vsd </file_type>
0	send rabod schweppe failoni my wizzie wig appointment excel	file_share	files	send <to_contact_name> rabod schweppe failoni </to_contact_name> <contact_name> my </contact_name> <file_keyword> wizzie wig appointment </file_keyword> <file_type> excel </file_type>
0	send callister malîhin my gas line estimate presentations	file_share	files	send <to_contact_name> callister malîhin </to_contact_name> <contact_name> my </contact_name> <file_keyword> gas line estimate </file_keyword> <file_type> presentations </file_type>
0	send vattani tassaduq dibwan stempihar my who censored fox's mom? power point	file_share	files	send <to_contact_name> vattani tassaduq dibwan stempihar </to_contact_name> <contact_name> my </contact_name> <file_keyword> who censored fox's mom? </file_keyword> <file_type> power point </file_type>
0	send strossen price-smith florenzani my video games i want to buy vssm	file_share	files	send <to_contact_name> strossen price-smith florenzani </to_contact_name> <contact_name> my </contact_name> <file_keyword> video games i want to buy </file_keyword> <file_type> vssm </file_type>
0	send isom my sales and receipts PDF	file_share	files	send <to_contact_name> isom </to_contact_name> <contact_name> my </contact_name> <file_keyword> sales and receipts </file_keyword> <file_type> PDF </file_type>
0	send eshbaugh-soha venham damianopoulos price-smith my appointment with adam ics	file_share	files	send <to_contact_name> eshbaugh-soha venham damianopoulos price-smith </to_contact_name> <contact_name> my </contact_name> <file_keyword> appointment with adam </file_keyword> <file_type> ics </file_type>
0	send bodenhamer my simontech summit pdfs	file_share	files	send <to_contact_name> bodenhamer </to_contact_name> <contact_name> my </contact_name> <file_keyword> simontech summit </file_keyword> <file_type> pdfs </file_type>
0	send stempihar radosavljevi? tokushima dimarsico my tabi ' s recipe excel	file_share	files	send <to_contact_name> stempihar radosavljevi? tokushima dimarsico </to_contact_name> <contact_name> my </contact_name> <file_keyword> tabi ' s recipe </file_keyword> <file_type> excel </file_type>
0	send failoni my gas line estimate notebooks	file_share	files	send <to_contact_name> failoni </to_contact_name> <contact_name> my </contact_name> <file_keyword> gas line estimate </file_keyword> <file_type> notebooks </file_type>
0	send rabod bodony shmirina my how much would a woodchuck chuck if a woodchuck could chuck wood? spreadsheets	file_share	files	send <to_contact_name> rabod bodony shmirina </to_contact_name> <contact_name> my </contact_name> <file_keyword> how much would a woodchuck chuck if a woodchuck could chuck wood? </file_keyword> <file_type> spreadsheets </file_type>
0	send tassaduq nozicka my estate agents image	file_share	files	send <to_contact_name> tassaduq nozicka </to_contact_name> <contact_name> my </contact_name> <file_keyword> estate agents </file_keyword> <file_type> image </file_type>
0	send guelden tokushima lukama my amber ' s ms meeting ppts	file_share	files	send <to_contact_name> guelden tokushima lukama </to_contact_name> <contact_name> my </contact_name> <file_keyword> amber ' s ms meeting </file_keyword> <file_type> ppts </file_type>
0	send oding my emergency info ppt	file_share	files	send <to_contact_name> oding </to_contact_name> <contact_name> my </contact_name> <file_keyword> emergency info </file_keyword> <file_type> ppt </file_type>
0	send powhida my new broadband note	file_share	files	send <to_contact_name> powhida </to_contact_name> <contact_name> my </contact_name> <file_keyword> new broadband </file_keyword> <file_type> note </file_type>
0	send wardenga grouitch shoemo my d m v jpg	file_share	files	send <to_contact_name> wardenga grouitch shoemo </to_contact_name> <contact_name> my </contact_name> <file_keyword> d m v </file_keyword> <file_type> jpg </file_type>
0	send medecin my natalie PDF	file_share	files	send <to_contact_name> medecin </to_contact_name> <contact_name> my </contact_name> <file_keyword> natalie </file_keyword> <file_type> PDF </file_type>
0	send ja-mi my hello kevin vcs	file_share	files	send <to_contact_name> ja-mi </to_contact_name> <contact_name> my </contact_name> <file_keyword> hello kevin </file_keyword> <file_type> vcs </file_type>
0	send franganito my saint patricks spec	file_share	files	send <to_contact_name> franganito </to_contact_name> <contact_name> my </contact_name> <file_keyword> saint patricks spec </file_keyword>
0	send taleq my yoga session deck	file_share	files	send <to_contact_name> taleq </to_contact_name> <contact_name> my </contact_name> <file_keyword> yoga session </file_keyword> <file_type> deck </file_type>
0	send odulio daphne my meet emily spec	file_share	files	send <to_contact_name> odulio daphne </to_contact_name> <contact_name> my </contact_name> <file_keyword> meet emily spec </file_keyword>
0	send fritzner sariem my union telephone notes	file_share	files	send <to_contact_name> fritzner sariem </to_contact_name> <contact_name> my </contact_name> <file_keyword> union telephone </file_keyword> <file_type> notes </file_type>
0	send keonakhong my good depot notes	file_share	files	send <to_contact_name> keonakhong </to_contact_name> <contact_name> my </contact_name> <file_keyword> good depot </file_keyword> <file_type> notes </file_type>
0	send metitieri sheelar sereseres my orthodontics note	file_share	files	send <to_contact_name> metitieri sheelar sereseres </to_contact_name> <contact_name> my </contact_name> <file_keyword> orthodontics </file_keyword> <file_type> note </file_type>
0	send mosges resos delbos naqi my english class lesson notes	file_share	files	send <to_contact_name> mosges resos delbos naqi </to_contact_name> <contact_name> my </contact_name> <file_keyword> english class lesson </file_keyword> <file_type> notes </file_type>
0	send manuk milicchio nozicka my alert han powerpoint	file_share	files	send <to_contact_name> manuk milicchio nozicka </to_contact_name> <contact_name> my </contact_name> <file_keyword> alert han </file_keyword> <file_type> powerpoint </file_type>
0	send galushka-duyunova pantea my meet rich slide	file_share	files	send <to_contact_name> galushka-duyunova pantea </to_contact_name> <contact_name> my </contact_name> <file_keyword> meet rich </file_keyword> <file_type> slide </file_type>
0	send pantea dakingari bodony my eva meeting vsdx	file_share	files	send <to_contact_name> pantea dakingari bodony </to_contact_name> <contact_name> my </contact_name> <file_keyword> eva meeting </file_keyword> <file_type> vsdx </file_type>
0	send grokhovski shibko my figure out jake ' s vssm	file_share	files	send <to_contact_name> grokhovski shibko </to_contact_name> <contact_name> my </contact_name> <file_keyword> figure out jake ' s </file_keyword> <file_type> vssm </file_type>
0	send suboteljski secanu wonsik my lunch wit jen spec	file_share	files	send <to_contact_name> suboteljski secanu wonsik </to_contact_name> <contact_name> my </contact_name> <file_keyword> lunch wit jen spec </file_keyword>
0	send kailing my figure out jake ' s pptx	file_share	files	send <to_contact_name> kailing </to_contact_name> <contact_name> my </contact_name> <file_keyword> figure out jake ' s </file_keyword> <file_type> pptx </file_type>
0	send secanu orrstad kirchknopf my cookie party vsd	file_share	files	send <to_contact_name> secanu orrstad kirchknopf </to_contact_name> <contact_name> my </contact_name> <file_keyword> cookie party </file_keyword> <file_type> vsd </file_type>
0	send cruz-perez vandelden tassaduq my meet paul lowe for coffee onenotes	file_share	files	send <to_contact_name> cruz-perez vandelden tassaduq </to_contact_name> <contact_name> my </contact_name> <file_keyword> meet paul lowe for coffee </file_keyword> <file_type> onenotes </file_type>
0	send ribley dubgall my wrestlemania jpeg	file_share	files	send <to_contact_name> ribley dubgall </to_contact_name> <contact_name> my </contact_name> <file_keyword> wrestlemania </file_keyword> <file_type> jpeg </file_type>
0	send usukawa my video games i want to buy vsdx	file_share	files	send <to_contact_name> usukawa </to_contact_name> <contact_name> my </contact_name> <file_keyword> video games i want to buy </file_keyword> <file_type> vsdx </file_type>
0	send callister medvedev my terraria dot exe vstx	file_share	files	send <to_contact_name> callister medvedev </to_contact_name> <contact_name> my </contact_name> <file_keyword> terraria dot exe </file_keyword> <file_type> vstx </file_type>
0	send linzenberg zengotita zelyaeva pelinovic my catching up notes	file_share	files	send <to_contact_name> linzenberg zengotita zelyaeva pelinovic </to_contact_name> <contact_name> my </contact_name> <file_keyword> catching up </file_keyword> <file_type> notes </file_type>
0	send gouemo mededovic my robotics pptx	file_share	files	send <to_contact_name> gouemo mededovic </to_contact_name> <contact_name> my </contact_name> <file_keyword> robotics </file_keyword> <file_type> pptx </file_type>
0	send odulio damianopoulos goodrem my field trip to pine lake park powerpoints	file_share	files	send <to_contact_name> odulio damianopoulos goodrem </to_contact_name> <contact_name> my </contact_name> <file_keyword> field trip to pine lake park </file_keyword> <file_type> powerpoints </file_type>
0	send galushka-duyunova guajardo koleade my make plans for a dinner party notebooks	file_share	files	send <to_contact_name> galushka-duyunova guajardo koleade </to_contact_name> <contact_name> my </contact_name> <file_keyword> make plans for a dinner party </file_keyword> <file_type> notebooks </file_type>
0	send riefkohl synefakopoulos my eight oh five spreadsheets	file_share	files	send <to_contact_name> riefkohl synefakopoulos </to_contact_name> <contact_name> my </contact_name> <file_keyword> eight oh five </file_keyword> <file_type> spreadsheets </file_type>
0	send canel my dental appointment cleaning mpp	file_share	files	send <to_contact_name> canel </to_contact_name> <contact_name> my </contact_name> <file_keyword> dental appointment cleaning </file_keyword> <file_type> mpp </file_type>
0	send malîhin my hello kevin docs	file_share	files	send <to_contact_name> malîhin </to_contact_name> <contact_name> my </contact_name> <file_keyword> hello kevin </file_keyword> <file_type> docs </file_type>
0	send judlova commer calca my mothers graduation vssm	file_share	files	send <to_contact_name> judlova commer calca </to_contact_name> <contact_name> my </contact_name> <file_keyword> mothers graduation </file_keyword> <file_type> vssm </file_type>
0	send biesebroeck my hunky dorey party png	file_share	files	send <to_contact_name> biesebroeck </to_contact_name> <contact_name> my </contact_name> <file_keyword> hunky dorey party </file_keyword> <file_type> png </file_type>
0	send stempihar doudna my test at home vssm	file_share	files	send <to_contact_name> stempihar doudna </to_contact_name> <contact_name> my </contact_name> <file_keyword> test at home </file_keyword> <file_type> vssm </file_type>
0	send luettwitz judlova my lunch wit jen ppt	file_share	files	send <to_contact_name> luettwitz judlova </to_contact_name> <contact_name> my </contact_name> <file_keyword> lunch wit jen </file_keyword> <file_type> ppt </file_type>
0	send resos my i'll listen note	file_share	files	send <to_contact_name> resos </to_contact_name> <contact_name> my </contact_name> <file_keyword> i'll listen </file_keyword> <file_type> note </file_type>
0	send picaso rense my field trip to pine lake park excels	file_share	files	send <to_contact_name> picaso rense </to_contact_name> <contact_name> my </contact_name> <file_keyword> field trip to pine lake park </file_keyword> <file_type> excels </file_type>
0	send wienmann usukawa langset xris my dinner with amy Doc	file_share	files	send <to_contact_name> wienmann usukawa langset xris </to_contact_name> <contact_name> my </contact_name> <file_keyword> dinner with amy </file_keyword> <file_type> Doc </file_type>
0	send nozicka kornil'evich my buy easter candy OneNote	file_share	files	send <to_contact_name> nozicka kornil'evich </to_contact_name> <contact_name> my </contact_name> <file_keyword> buy easter candy </file_keyword> <file_type> OneNote </file_type>
0	send grouitch yevstafiya my mid term vssm	file_share	files	send <to_contact_name> grouitch yevstafiya </to_contact_name> <contact_name> my </contact_name> <file_keyword> mid term </file_keyword> <file_type> vssm </file_type>
0	send d'alberní suttie my adele meaning image	file_share	files	send <to_contact_name> d'alberní suttie </to_contact_name> <contact_name> my </contact_name> <file_keyword> adele meaning </file_keyword> <file_type> image </file_type>
0	send shoemo d'alberní my make plans for a dinner party vssm	file_share	files	send <to_contact_name> shoemo d'alberní </to_contact_name> <contact_name> my </contact_name> <file_keyword> make plans for a dinner party </file_keyword> <file_type> vssm </file_type>
0	send pantea maresquier bolsing powhida my lauren vsdm	file_share	files	send <to_contact_name> pantea maresquier bolsing powhida </to_contact_name> <contact_name> my </contact_name> <file_keyword> lauren </file_keyword> <file_type> vsdm </file_type>
0	send kornil'evich garuda my pick up soup presentations	file_share	files	send <to_contact_name> kornil'evich garuda </to_contact_name> <contact_name> my </contact_name> <file_keyword> pick up soup </file_keyword> <file_type> presentations </file_type>
0	send mosges najafian radosavljevi? my wessna birthday excels	file_share	files	send <to_contact_name> mosges najafian radosavljevi? </to_contact_name> <contact_name> my </contact_name> <file_keyword> wessna birthday </file_keyword> <file_type> excels </file_type>
0	send sheelar wonsik sereseres nozicka my p t Docx	file_share	files	send <to_contact_name> sheelar wonsik sereseres nozicka </to_contact_name> <contact_name> my </contact_name> <file_keyword> p t </file_keyword> <file_type> Docx </file_type>
0	send picaso my i love you excels	file_share	files	send <to_contact_name> picaso </to_contact_name> <contact_name> my </contact_name> <file_keyword> i love you </file_keyword> <file_type> excels </file_type>
0	send bolsing glasco darzeu my fencing tournament notebooks	file_share	files	send <to_contact_name> bolsing glasco darzeu </to_contact_name> <contact_name> my </contact_name> <file_keyword> fencing tournament </file_keyword> <file_type> notebooks </file_type>
0	send riefkohl elgebrant my edith ' s birthday powerpoints	file_share	files	send <to_contact_name> riefkohl elgebrant </to_contact_name> <contact_name> my </contact_name> <file_keyword> edith ' s birthday </file_keyword> <file_type> powerpoints </file_type>
0	send luettwitz my go to dcs infrastructure powerpoints	file_share	files	send <to_contact_name> luettwitz </to_contact_name> <contact_name> my </contact_name> <file_keyword> go to dcs infrastructure </file_keyword> <file_type> powerpoints </file_type>
0	send ciapponi sdringola my mr. johnson bill walk vsd	file_share	files	send <to_contact_name> ciapponi sdringola </to_contact_name> <contact_name> my </contact_name> <file_keyword> mr. johnson bill walk </file_keyword> <file_type> vsd </file_type>
0	send judlova medvedev kailing florenzani my conference call with the hospital vsdm	file_share	files	send <to_contact_name> judlova medvedev kailing florenzani </to_contact_name> <contact_name> my </contact_name> <file_keyword> conference call with the hospital </file_keyword> <file_type> vsdm </file_type>
0	send mahefarinoro guelden my brandy graduation vst	file_share	files	send <to_contact_name> mahefarinoro guelden </to_contact_name> <contact_name> my </contact_name> <file_keyword> brandy graduation </file_keyword> <file_type> vst </file_type>
0	send popyrin my yoga session presentations	file_share	files	send <to_contact_name> popyrin </to_contact_name> <contact_name> my </contact_name> <file_keyword> yoga session </file_keyword> <file_type> presentations </file_type>
0	send mededovic my window coverings appointment spec	file_share	files	send <to_contact_name> mededovic </to_contact_name> <contact_name> my </contact_name> <file_keyword> window coverings appointment spec </file_keyword>
0	send merribelle wienmann kornil'evich my price low importance docx	file_share	files	send <to_contact_name> merribelle wienmann kornil'evich </to_contact_name> <contact_name> my </contact_name> <file_keyword> price low importance </file_keyword> <file_type> docx </file_type>
0	send picaso my english class lesson vss	file_share	files	send <to_contact_name> picaso </to_contact_name> <contact_name> my </contact_name> <file_keyword> english class lesson </file_keyword> <file_type> vss </file_type>
0	send mosges edgar-rodolphe-eugene luettwitz madoc my figure out jake ' s tsv	file_share	files	send <to_contact_name> mosges edgar-rodolphe-eugene luettwitz madoc </to_contact_name> <contact_name> my </contact_name> <file_keyword> figure out jake ' s </file_keyword> <file_type> tsv </file_type>
0	send ciapponi sehoueto darzeu mededovic my dancing with the stars vcs	file_share	files	send <to_contact_name> ciapponi sehoueto darzeu mededovic </to_contact_name> <contact_name> my </contact_name> <file_keyword> dancing with the stars </file_keyword> <file_type> vcs </file_type>
0	send sztajnert guajardo kirchknopf tassaduq my lego land excels	file_share	files	send <to_contact_name> sztajnert guajardo kirchknopf tassaduq </to_contact_name> <contact_name> my </contact_name> <file_keyword> lego land </file_keyword> <file_type> excels </file_type>
0	send sunpie my items needed for kids school snack pptx	file_share	files	send <to_contact_name> sunpie </to_contact_name> <contact_name> my </contact_name> <file_keyword> items needed for kids school snack </file_keyword> <file_type> pptx </file_type>
0	send noeller ostrolenk my bella ' s shots workbook	file_share	files	send <to_contact_name> noeller ostrolenk </to_contact_name> <contact_name> my </contact_name> <file_keyword> bella ' s shots </file_keyword> <file_type> workbook </file_type>
0	send venham kupecký isler-leiner edgar-rodolphe-eugene my science one hundred and one note	file_share	files	send <to_contact_name> venham kupecký isler-leiner edgar-rodolphe-eugene </to_contact_name> <contact_name> my </contact_name> <file_keyword> science one hundred and one </file_keyword> <file_type> note </file_type>
0	send suboteljski larus my eight oh five notebooks	file_share	files	send <to_contact_name> suboteljski larus </to_contact_name> <contact_name> my </contact_name> <file_keyword> eight oh five </file_keyword> <file_type> notebooks </file_type>
0	send ribley shibko galushka-duyunova failoni my hourly excels	file_share	files	send <to_contact_name> ribley shibko galushka-duyunova failoni </to_contact_name> <contact_name> my </contact_name> <file_keyword> hourly </file_keyword> <file_type> excels </file_type>
0	send kyria canel borovkova my requests vdw	file_share	files	send <to_contact_name> kyria canel borovkova </to_contact_name> <contact_name> my </contact_name> <file_keyword> requests </file_keyword> <file_type> vdw </file_type>
0	send biristeica rense my items needed for kids school snack slides	file_share	files	send <to_contact_name> biristeica rense </to_contact_name> <contact_name> my </contact_name> <file_keyword> items needed for kids school snack </file_keyword> <file_type> slides </file_type>
0	send kyria my miscellaneous deck	file_share	files	send <to_contact_name> kyria </to_contact_name> <contact_name> my </contact_name> <file_keyword> miscellaneous </file_keyword> <file_type> deck </file_type>
