0	send leuvennink a vdw	file_share	files	send <to_contact_name> leuvennink </to_contact_name> a <file_type> vdw </file_type>
0	send bulyginski a spec	file_share	files	send <to_contact_name> bulyginski </to_contact_name> a <file_type> spec </file_type>
0	send kield a workbook	file_share	files	send <to_contact_name> kield </to_contact_name> a <file_type> workbook </file_type>
0	send kljakic a docx	file_share	files	send <to_contact_name> kljakic </to_contact_name> a <file_type> docx </file_type>
0	send chunying a vss	file_share	files	send <to_contact_name> chunying </to_contact_name> a <file_type> vss </file_type>
0	send gurzumar a image	file_share	files	send <to_contact_name> gurzumar </to_contact_name> a <file_type> image </file_type>
0	send gräfin a pdf	file_share	files	send <to_contact_name> gräfin </to_contact_name> a <file_type> pdf </file_type>
0	send stiernhielm a vsdm	file_share	files	send <to_contact_name> stiernhielm </to_contact_name> a <file_type> vsdm </file_type>
0	send niesman a vstm	file_share	files	send <to_contact_name> niesman </to_contact_name> a <file_type> vstm </file_type>
0	send dungersheim a jpg	file_share	files	send <to_contact_name> dungersheim </to_contact_name> a <file_type> jpg </file_type>
0	send flemma a docs	file_share	files	send <to_contact_name> flemma </to_contact_name> a <file_type> docs </file_type>
0	send rompella a xlsx	file_share	files	send <to_contact_name> rompella </to_contact_name> a <file_type> xlsx </file_type>
0	send buko a slide	file_share	files	send <to_contact_name> buko </to_contact_name> a <file_type> slide </file_type>
0	send isaline a PDF	file_share	files	send <to_contact_name> isaline </to_contact_name> a <file_type> PDF </file_type>
0	send niesman a vcs	file_share	files	send <to_contact_name> niesman </to_contact_name> a <file_type> vcs </file_type>
0	send boncete a notebooks	file_share	files	send <to_contact_name> boncete </to_contact_name> a <file_type> notebooks </file_type>
0	send yedunov a notebook	file_share	files	send <to_contact_name> yedunov </to_contact_name> a <file_type> notebook </file_type>
0	send lanzilli a vst	file_share	files	send <to_contact_name> lanzilli </to_contact_name> a <file_type> vst </file_type>
0	send bouat a docx	file_share	files	send <to_contact_name> bouat </to_contact_name> a <file_type> docx </file_type>
0	send pincher a notebooks	file_share	files	send <to_contact_name> pincher </to_contact_name> a <file_type> notebooks </file_type>
0	send jardien a OneNote	file_share	files	send <to_contact_name> jardien </to_contact_name> a <file_type> OneNote </file_type>
0	send schladitz a vstm	file_share	files	send <to_contact_name> schladitz </to_contact_name> a <file_type> vstm </file_type>
0	send fialaire a mpp	file_share	files	send <to_contact_name> fialaire </to_contact_name> a <file_type> mpp </file_type>
0	send virtala a workbook	file_share	files	send <to_contact_name> virtala </to_contact_name> a <file_type> workbook </file_type>
0	send anguilé a image	file_share	files	send <to_contact_name> anguilé </to_contact_name> a <file_type> image </file_type>
0	send bojtár a xls	file_share	files	send <to_contact_name> bojtár </to_contact_name> a <file_type> xls </file_type>
0	send ambreena a vssm	file_share	files	send <to_contact_name> ambreena </to_contact_name> a <file_type> vssm </file_type>
0	send ramjan a vstm	file_share	files	send <to_contact_name> ramjan </to_contact_name> a <file_type> vstm </file_type>
0	send pungault a vdw	file_share	files	send <to_contact_name> pungault </to_contact_name> a <file_type> vdw </file_type>
0	send guerenneur a powerpoint	file_share	files	send <to_contact_name> guerenneur </to_contact_name> a <file_type> powerpoint </file_type>
0	send tudruj a msg	file_share	files	send <to_contact_name> tudruj </to_contact_name> a <file_type> msg </file_type>
0	send jungnischke a presentation	file_share	files	send <to_contact_name> jungnischke </to_contact_name> a <file_type> presentation </file_type>
0	send kield a pdf	file_share	files	send <to_contact_name> kield </to_contact_name> a <file_type> pdf </file_type>
0	send flemma a pdfs	file_share	files	send <to_contact_name> flemma </to_contact_name> a <file_type> pdfs </file_type>
0	send darici a powerpoints	file_share	files	send <to_contact_name> darici </to_contact_name> a <file_type> powerpoints </file_type>
0	send benheim a spreadsheet	file_share	files	send <to_contact_name> benheim </to_contact_name> a <file_type> spreadsheet </file_type>
0	send tuffli a spec	file_share	files	send <to_contact_name> tuffli </to_contact_name> a <file_type> spec </file_type>
0	send berkut a word	file_share	files	send <to_contact_name> berkut </to_contact_name> a <file_type> word </file_type>
0	send grandioux a mpp	file_share	files	send <to_contact_name> grandioux </to_contact_name> a <file_type> mpp </file_type>
0	send freja a onenotes	file_share	files	send <to_contact_name> freja </to_contact_name> a <file_type> onenotes </file_type>
0	send piesco a vstm	file_share	files	send <to_contact_name> piesco </to_contact_name> a <file_type> vstm </file_type>
0	send dwnn a PDF	file_share	files	send <to_contact_name> dwnn </to_contact_name> a <file_type> PDF </file_type>
0	send geum-hui a xls	file_share	files	send <to_contact_name> geum-hui </to_contact_name> a <file_type> xls </file_type>
0	send cougil a note	file_share	files	send <to_contact_name> cougil </to_contact_name> a <file_type> note </file_type>
0	send löbusch a note	file_share	files	send <to_contact_name> löbusch </to_contact_name> a <file_type> note </file_type>
0	send wiebecke a PDF	file_share	files	send <to_contact_name> wiebecke </to_contact_name> a <file_type> PDF </file_type>
0	send scholtis a vstx	file_share	files	send <to_contact_name> scholtis </to_contact_name> a <file_type> vstx </file_type>
0	send bulyginski a pdfs	file_share	files	send <to_contact_name> bulyginski </to_contact_name> a <file_type> pdfs </file_type>
0	send auvergniot a vsdm	file_share	files	send <to_contact_name> auvergniot </to_contact_name> a <file_type> vsdm </file_type>
0	send woodrup a Doc	file_share	files	send <to_contact_name> woodrup </to_contact_name> a <file_type> Doc </file_type>
0	send cazel a jpeg	file_share	files	send <to_contact_name> cazel </to_contact_name> a <file_type> jpeg </file_type>
0	send gurzumar a spec	file_share	files	send <to_contact_name> gurzumar </to_contact_name> a <file_type> spec </file_type>
0	send giaon a deck	file_share	files	send <to_contact_name> giaon </to_contact_name> a <file_type> deck </file_type>
0	send majasaiya a jpeg	file_share	files	send <to_contact_name> majasaiya </to_contact_name> a <file_type> jpeg </file_type>
0	send dzhienbaev a doc	file_share	files	send <to_contact_name> dzhienbaev </to_contact_name> a <file_type> doc </file_type>
0	send jardien a presentations	file_share	files	send <to_contact_name> jardien </to_contact_name> a <file_type> presentations </file_type>
0	send freja a png	file_share	files	send <to_contact_name> freja </to_contact_name> a <file_type> png </file_type>
0	send iclâl a xlsx	file_share	files	send <to_contact_name> iclâl </to_contact_name> a <file_type> xlsx </file_type>
0	send raval a ics	file_share	files	send <to_contact_name> raval </to_contact_name> a <file_type> ics </file_type>
0	send benheim a power point	file_share	files	send <to_contact_name> benheim </to_contact_name> a <file_type> power point </file_type>
0	send kosaji a PDF	file_share	files	send <to_contact_name> kosaji </to_contact_name> a <file_type> PDF </file_type>
0	send rajeb a vcs	file_share	files	send <to_contact_name> rajeb </to_contact_name> a <file_type> vcs </file_type>
0	send heinämaa a pptx	file_share	files	send <to_contact_name> heinämaa </to_contact_name> a <file_type> pptx </file_type>
0	send buttaro a notes	file_share	files	send <to_contact_name> buttaro </to_contact_name> a <file_type> notes </file_type>
0	send grandioux a docs	file_share	files	send <to_contact_name> grandioux </to_contact_name> a <file_type> docs </file_type>
0	send abati a notebook	file_share	files	send <to_contact_name> abati </to_contact_name> a <file_type> notebook </file_type>
0	send mittelpunkt a docs	file_share	files	send <to_contact_name> mittelpunkt </to_contact_name> a <file_type> docs </file_type>
0	send chunying a note	file_share	files	send <to_contact_name> chunying </to_contact_name> a <file_type> note </file_type>
0	send radabaugh a power point	file_share	files	send <to_contact_name> radabaugh </to_contact_name> a <file_type> power point </file_type>
0	send fayyazi a onenotes	file_share	files	send <to_contact_name> fayyazi </to_contact_name> a <file_type> onenotes </file_type>
0	send ciurileanu a power point	file_share	files	send <to_contact_name> ciurileanu </to_contact_name> a <file_type> power point </file_type>
0	send jungnischke a csv	file_share	files	send <to_contact_name> jungnischke </to_contact_name> a <file_type> csv </file_type>
0	send ambreena a worksheet	file_share	files	send <to_contact_name> ambreena </to_contact_name> a <file_type> worksheet </file_type>
0	send damuah a slide	file_share	files	send <to_contact_name> damuah </to_contact_name> a <file_type> slide </file_type>
0	send ruszkay a spreadsheet	file_share	files	send <to_contact_name> ruszkay </to_contact_name> a <file_type> spreadsheet </file_type>
0	send virtala a excel	file_share	files	send <to_contact_name> virtala </to_contact_name> a <file_type> excel </file_type>
0	send congnet a vcs	file_share	files	send <to_contact_name> congnet </to_contact_name> a <file_type> vcs </file_type>
0	send kremezi a vsdm	file_share	files	send <to_contact_name> kremezi </to_contact_name> a <file_type> vsdm </file_type>
0	send heaverlo a notebooks	file_share	files	send <to_contact_name> heaverlo </to_contact_name> a <file_type> notebooks </file_type>
0	send bouat a worksheet	file_share	files	send <to_contact_name> bouat </to_contact_name> a <file_type> worksheet </file_type>
0	send gräfin a doc	file_share	files	send <to_contact_name> gräfin </to_contact_name> a <file_type> doc </file_type>
0	send fujikubo a workbook	file_share	files	send <to_contact_name> fujikubo </to_contact_name> a <file_type> workbook </file_type>
0	send ramjan a excels	file_share	files	send <to_contact_name> ramjan </to_contact_name> a <file_type> excels </file_type>
0	send goisnard a ppt	file_share	files	send <to_contact_name> goisnard </to_contact_name> a <file_type> ppt </file_type>
0	send kulnadda a docs	file_share	files	send <to_contact_name> kulnadda </to_contact_name> a <file_type> docs </file_type>
0	send scartz a image	file_share	files	send <to_contact_name> scartz </to_contact_name> a <file_type> image </file_type>
0	send peycho a vssm	file_share	files	send <to_contact_name> peycho </to_contact_name> a <file_type> vssm </file_type>
0	send borkovsky a powerpoint	file_share	files	send <to_contact_name> borkovsky </to_contact_name> a <file_type> powerpoint </file_type>
0	send darici a decks	file_share	files	send <to_contact_name> darici </to_contact_name> a <file_type> decks </file_type>
0	send dvaretski a pptx	file_share	files	send <to_contact_name> dvaretski </to_contact_name> a <file_type> pptx </file_type>
0	send behshad a ppts	file_share	files	send <to_contact_name> behshad </to_contact_name> a <file_type> ppts </file_type>
0	send kailong a presentation	file_share	files	send <to_contact_name> kailong </to_contact_name> a <file_type> presentation </file_type>
0	send buttaro a gif	file_share	files	send <to_contact_name> buttaro </to_contact_name> a <file_type> gif </file_type>
0	send anastasyev a vsdx	file_share	files	send <to_contact_name> anastasyev </to_contact_name> a <file_type> vsdx </file_type>
0	send geum-hui a ppts	file_share	files	send <to_contact_name> geum-hui </to_contact_name> a <file_type> ppts </file_type>
0	send okros a word	file_share	files	send <to_contact_name> okros </to_contact_name> a <file_type> word </file_type>
0	send triratvorakul a presentation	file_share	files	send <to_contact_name> triratvorakul </to_contact_name> a <file_type> presentation </file_type>
0	send scartz a vsdm	file_share	files	send <to_contact_name> scartz </to_contact_name> a <file_type> vsdm </file_type>
0	send zhelikhovsky a vstm	file_share	files	send <to_contact_name> zhelikhovsky </to_contact_name> a <file_type> vstm </file_type>
0	send nicole-reine a xls	file_share	files	send <to_contact_name> nicole-reine </to_contact_name> a <file_type> xls </file_type>
0	send kamichik a spec	file_share	files	send <to_contact_name> kamichik </to_contact_name> a <file_type> spec </file_type>
0	send tacinelli a excels	file_share	files	send <to_contact_name> tacinelli </to_contact_name> a <file_type> excels </file_type>
0	send bojtár a image	file_share	files	send <to_contact_name> bojtár </to_contact_name> a <file_type> image </file_type>
0	send scartz a note	file_share	files	send <to_contact_name> scartz </to_contact_name> a <file_type> note </file_type>
0	send hunscher a slide	file_share	files	send <to_contact_name> hunscher </to_contact_name> a <file_type> slide </file_type>
0	send tsekhovsky a png	file_share	files	send <to_contact_name> tsekhovsky </to_contact_name> a <file_type> png </file_type>
0	send jorling a workbook	file_share	files	send <to_contact_name> jorling </to_contact_name> a <file_type> workbook </file_type>
0	send aguidazu a slide	file_share	files	send <to_contact_name> aguidazu </to_contact_name> a <file_type> slide </file_type>
0	send lancesseur a png	file_share	files	send <to_contact_name> lancesseur </to_contact_name> a <file_type> png </file_type>
0	send wiebecke a vstx	file_share	files	send <to_contact_name> wiebecke </to_contact_name> a <file_type> vstx </file_type>
0	send venetski a PDF	file_share	files	send <to_contact_name> venetski </to_contact_name> a <file_type> PDF </file_type>
0	send dvaretski a decks	file_share	files	send <to_contact_name> dvaretski </to_contact_name> a <file_type> decks </file_type>
0	send lymberis a presentations	file_share	files	send <to_contact_name> lymberis </to_contact_name> a <file_type> presentations </file_type>
0	send dawai a deck	file_share	files	send <to_contact_name> dawai </to_contact_name> a <file_type> deck </file_type>
0	send kield a spreadsheet	file_share	files	send <to_contact_name> kield </to_contact_name> a <file_type> spreadsheet </file_type>
0	send jochlik a onenote	file_share	files	send <to_contact_name> jochlik </to_contact_name> a <file_type> onenote </file_type>
0	send anastasyev a power point	file_share	files	send <to_contact_name> anastasyev </to_contact_name> a <file_type> power point </file_type>
0	send darici a mpt	file_share	files	send <to_contact_name> darici </to_contact_name> a <file_type> mpt </file_type>
0	send heinämaa a pdf	file_share	files	send <to_contact_name> heinämaa </to_contact_name> a <file_type> pdf </file_type>
0	send ovshi? a tsv	file_share	files	send <to_contact_name> ovshi? </to_contact_name> a <file_type> tsv </file_type>
0	send klaben a vsd	file_share	files	send <to_contact_name> klaben </to_contact_name> a <file_type> vsd </file_type>
0	send adilovi? a onenotes	file_share	files	send <to_contact_name> adilovi? </to_contact_name> a <file_type> onenotes </file_type>
0	send buko a pptx	file_share	files	send <to_contact_name> buko </to_contact_name> a <file_type> pptx </file_type>
0	send majasaiya a deck	file_share	files	send <to_contact_name> majasaiya </to_contact_name> a <file_type> deck </file_type>
0	send loshkaryov a Doc	file_share	files	send <to_contact_name> loshkaryov </to_contact_name> a <file_type> Doc </file_type>
0	send tudruj a pdf	file_share	files	send <to_contact_name> tudruj </to_contact_name> a <file_type> pdf </file_type>
0	send lymberis a ppts	file_share	files	send <to_contact_name> lymberis </to_contact_name> a <file_type> ppts </file_type>
0	send hakugen a decks	file_share	files	send <to_contact_name> hakugen </to_contact_name> a <file_type> decks </file_type>
0	send schladitz a png	file_share	files	send <to_contact_name> schladitz </to_contact_name> a <file_type> png </file_type>
0	send tisser a xls	file_share	files	send <to_contact_name> tisser </to_contact_name> a <file_type> xls </file_type>
0	send grandioux a tsv	file_share	files	send <to_contact_name> grandioux </to_contact_name> a <file_type> tsv </file_type>
0	send zibell a vst	file_share	files	send <to_contact_name> zibell </to_contact_name> a <file_type> vst </file_type>
0	send auvergniot a vssx	file_share	files	send <to_contact_name> auvergniot </to_contact_name> a <file_type> vssx </file_type>
0	send zibell a workbook	file_share	files	send <to_contact_name> zibell </to_contact_name> a <file_type> workbook </file_type>
0	send najar a gif	file_share	files	send <to_contact_name> najar </to_contact_name> a <file_type> gif </file_type>
0	send saviye a vst	file_share	files	send <to_contact_name> saviye </to_contact_name> a <file_type> vst </file_type>
0	send gohlert a tsv	file_share	files	send <to_contact_name> gohlert </to_contact_name> a <file_type> tsv </file_type>
0	send buko a pptx	file_share	files	send <to_contact_name> buko </to_contact_name> a <file_type> pptx </file_type>
0	send cazel a excel	file_share	files	send <to_contact_name> cazel </to_contact_name> a <file_type> excel </file_type>
0	send mihram a ppts	file_share	files	send <to_contact_name> mihram </to_contact_name> a <file_type> ppts </file_type>
0	send masaatsu a notes	file_share	files	send <to_contact_name> masaatsu </to_contact_name> a <file_type> notes </file_type>
0	send anguilé a Docs	file_share	files	send <to_contact_name> anguilé </to_contact_name> a <file_type> Docs </file_type>
0	send wiebecke a onenote	file_share	files	send <to_contact_name> wiebecke </to_contact_name> a <file_type> onenote </file_type>
0	send klaben a mpt	file_share	files	send <to_contact_name> klaben </to_contact_name> a <file_type> mpt </file_type>
0	send beautreillis a pdfs	file_share	files	send <to_contact_name> beautreillis </to_contact_name> a <file_type> pdfs </file_type>
0	send kremezi a word	file_share	files	send <to_contact_name> kremezi </to_contact_name> a <file_type> word </file_type>
0	send capolide a xls	file_share	files	send <to_contact_name> capolide </to_contact_name> a <file_type> xls </file_type>
0	send chunying a ics	file_share	files	send <to_contact_name> chunying </to_contact_name> a <file_type> ics </file_type>
0	send virtala a vsd	file_share	files	send <to_contact_name> virtala </to_contact_name> a <file_type> vsd </file_type>
0	send chotar a png	file_share	files	send <to_contact_name> chotar </to_contact_name> a <file_type> png </file_type>
0	send gräfin a onenote	file_share	files	send <to_contact_name> gräfin </to_contact_name> a <file_type> onenote </file_type>
0	send semperboni a vst	file_share	files	send <to_contact_name> semperboni </to_contact_name> a <file_type> vst </file_type>
0	send tonnancour a notebook	file_share	files	send <to_contact_name> tonnancour </to_contact_name> a <file_type> notebook </file_type>
0	send bertzi a powerpoint	file_share	files	send <to_contact_name> bertzi </to_contact_name> a <file_type> powerpoint </file_type>
0	send cougil a png	file_share	files	send <to_contact_name> cougil </to_contact_name> a <file_type> png </file_type>
0	send dwnn a vssx	file_share	files	send <to_contact_name> dwnn </to_contact_name> a <file_type> vssx </file_type>
0	send tacinelli a vssx	file_share	files	send <to_contact_name> tacinelli </to_contact_name> a <file_type> vssx </file_type>
0	send heinämaa a vssm	file_share	files	send <to_contact_name> heinämaa </to_contact_name> a <file_type> vssm </file_type>
0	send zibell a xlsx	file_share	files	send <to_contact_name> zibell </to_contact_name> a <file_type> xlsx </file_type>
0	send hedda a vst	file_share	files	send <to_contact_name> hedda </to_contact_name> a <file_type> vst </file_type>
0	send rajeb a powerpoint	file_share	files	send <to_contact_name> rajeb </to_contact_name> a <file_type> powerpoint </file_type>
0	send perraux a jpeg	file_share	files	send <to_contact_name> perraux </to_contact_name> a <file_type> jpeg </file_type>
0	send aggers a vss	file_share	files	send <to_contact_name> aggers </to_contact_name> a <file_type> vss </file_type>
0	send fouzu a pdf	file_share	files	send <to_contact_name> fouzu </to_contact_name> a <file_type> pdf </file_type>
0	send venetski a note	file_share	files	send <to_contact_name> venetski </to_contact_name> a <file_type> note </file_type>
0	send guarlotti a vstx	file_share	files	send <to_contact_name> guarlotti </to_contact_name> a <file_type> vstx </file_type>
0	send scornavacca a vsd	file_share	files	send <to_contact_name> scornavacca </to_contact_name> a <file_type> vsd </file_type>
0	send pukies a pptx	file_share	files	send <to_contact_name> pukies </to_contact_name> a <file_type> pptx </file_type>
0	send saviye a decks	file_share	files	send <to_contact_name> saviye </to_contact_name> a <file_type> decks </file_type>
0	send scartz a ics	file_share	files	send <to_contact_name> scartz </to_contact_name> a <file_type> ics </file_type>
0	send stegemeier a notebook	file_share	files	send <to_contact_name> stegemeier </to_contact_name> a <file_type> notebook </file_type>
0	send heinämaa a mpt	file_share	files	send <to_contact_name> heinämaa </to_contact_name> a <file_type> mpt </file_type>
0	send zhelikhovsky a vsdx	file_share	files	send <to_contact_name> zhelikhovsky </to_contact_name> a <file_type> vsdx </file_type>
0	send khuliknazarov a vssx	file_share	files	send <to_contact_name> khuliknazarov </to_contact_name> a <file_type> vssx </file_type>
0	send abati a presentations	file_share	files	send <to_contact_name> abati </to_contact_name> a <file_type> presentations </file_type>
0	send ramjan a presentations	file_share	files	send <to_contact_name> ramjan </to_contact_name> a <file_type> presentations </file_type>
0	send abati a OneNote	file_share	files	send <to_contact_name> abati </to_contact_name> a <file_type> OneNote </file_type>
0	send zibell a PDF	file_share	files	send <to_contact_name> zibell </to_contact_name> a <file_type> PDF </file_type>
0	send scartz a pdfs	file_share	files	send <to_contact_name> scartz </to_contact_name> a <file_type> pdfs </file_type>
0	send abati a xls	file_share	files	send <to_contact_name> abati </to_contact_name> a <file_type> xls </file_type>
0	send hakugen a OneNote	file_share	files	send <to_contact_name> hakugen </to_contact_name> a <file_type> OneNote </file_type>
0	send yedunov a vssm	file_share	files	send <to_contact_name> yedunov </to_contact_name> a <file_type> vssm </file_type>
0	send giaon a mpt	file_share	files	send <to_contact_name> giaon </to_contact_name> a <file_type> mpt </file_type>
0	send radabaugh a slide	file_share	files	send <to_contact_name> radabaugh </to_contact_name> a <file_type> slide </file_type>
0	send birdeena a excels	file_share	files	send <to_contact_name> birdeena </to_contact_name> a <file_type> excels </file_type>
0	send perraux a vss	file_share	files	send <to_contact_name> perraux </to_contact_name> a <file_type> vss </file_type>
0	send cardoza a xls	file_share	files	send <to_contact_name> cardoza </to_contact_name> a <file_type> xls </file_type>
0	send grandioux a vstx	file_share	files	send <to_contact_name> grandioux </to_contact_name> a <file_type> vstx </file_type>
0	send shardha a msg	file_share	files	send <to_contact_name> shardha </to_contact_name> a <file_type> msg </file_type>
0	send zibell a OneNote	file_share	files	send <to_contact_name> zibell </to_contact_name> a <file_type> OneNote </file_type>
0	send guerenneur a pptx	file_share	files	send <to_contact_name> guerenneur </to_contact_name> a <file_type> pptx </file_type>
0	send schladitz a notebook	file_share	files	send <to_contact_name> schladitz </to_contact_name> a <file_type> notebook </file_type>
0	send hedda a jpg	file_share	files	send <to_contact_name> hedda </to_contact_name> a <file_type> jpg </file_type>
0	send pratin a excel	file_share	files	send <to_contact_name> pratin </to_contact_name> a <file_type> excel </file_type>
0	send montmirail a mpp	file_share	files	send <to_contact_name> montmirail </to_contact_name> a <file_type> mpp </file_type>
0	send scartz a spreadsheet	file_share	files	send <to_contact_name> scartz </to_contact_name> a <file_type> spreadsheet </file_type>
0	send samarn a powerpoint	file_share	files	send <to_contact_name> samarn </to_contact_name> a <file_type> powerpoint </file_type>
0	send shardha a vsdx	file_share	files	send <to_contact_name> shardha </to_contact_name> a <file_type> vsdx </file_type>
0	send rajeb a vsdx	file_share	files	send <to_contact_name> rajeb </to_contact_name> a <file_type> vsdx </file_type>
0	send niesman a vssm	file_share	files	send <to_contact_name> niesman </to_contact_name> a <file_type> vssm </file_type>
