0		send talasbaev a vssm	file_share
0		send sylander a vsdx	file_share
0		send nusayri a image	file_share
0		send souf a docx	file_share
0		send sirisukha a OneNote	file_share
0		send maawiye a vdw	file_share
0		send derby a excel	file_share
0		send brusc a tsv	file_share
0		send rolvaag a slide	file_share
0		send oeking a presentations	file_share
0		send spajic a worksheet	file_share
0		send heyneke a power point	file_share
0		send edcarlos a notes	file_share
0		send tenerowicz a excels	file_share
0		send rolvaag a xls	file_share
0		send castérède a vstx	file_share
0		send mcgone a deck	file_share
0		send gebelin a vss	file_share
0		send conlledo a docx	file_share
0		send guccia a vstx	file_share
0		send mouilleau a notebook	file_share
0		send tanglay a slide	file_share
0		send makhno a mpt	file_share
0		send chrenoczy a image	file_share
0		send kakuczi a vdw	file_share
0		send grimaldi a ppts	file_share
0		send klosner a powerpoints	file_share
0		send marnix a slide	file_share
0		send aldescu a vssm	file_share
0		send bazzalja a Doc	file_share
0		send strajan a xlsx	file_share
0		send elstelä a workbook	file_share
0		send nusayri a excel	file_share
0		send spajic a ics	file_share
0		send vilag a spreadsheets	file_share
0		send gurcay a pdfs	file_share
0		send mahkonen a vsdx	file_share
0		send veczerin a vst	file_share
0		send hiero a mpt	file_share
0		send nemi a spreadsheet	file_share
0		send scibe a slide	file_share
0		send jurinac a excels	file_share
0		send gol?dberg a ppts	file_share
0		send zabelli a vssx	file_share
0		send won-jae a vssx	file_share
0		send kaketsuka a excels	file_share
0		send pekmezovic a vsd	file_share
0		send sylander a ics	file_share
0		send zerlentes a tsv	file_share
0		send idiaquez a vcs	file_share
0		send nicolares a csv	file_share
0		send maawiye a vsdx	file_share
0		send bajmoci a spec	file_share
0		send wilcock a csv	file_share
0		send bud?vics a png	file_share
0		send mouilleau a jpeg	file_share
0		send nemi a notebooks	file_share
0		send koçu a power point	file_share
0		send gripsborn a slides	file_share
0		send gurcay a pdf	file_share
0		send baichung a excels	file_share
0		send ancy a xls	file_share
0		send trentinaglia a Docx	file_share
0		send laprati a docs	file_share
0		send hiero a worksheet	file_share
0		send sawin a deck	file_share
0		send loughrin a worksheet	file_share
0		send sirisukha a vssx	file_share
0		send ganje a pdf	file_share
0		send bongiwe a spreadsheet	file_share
0		send oukil a pdf	file_share
0		send elstelä a onenotes	file_share
0		send klosner a PDF	file_share
0		send neill a notes	file_share
0		send courdurier a pdfs	file_share
0		send chrenoczy a pptx	file_share
0		send foumani a xls	file_share
0		send charky a tsv	file_share
0		send crifone a vstx	file_share
0		send conlledo a PDF	file_share
0		send derby a png	file_share
0		send naomochi a image	file_share
0		send marnix a Docs	file_share
0		send joenpelto a note	file_share
0		send pernicek a worksheet	file_share
0		send lestonnac a vdw	file_share
0		send piedrahíta a powerpoints	file_share
0		send finkielstein a Doc	file_share
0		send vilag a vstm	file_share
0		send schuurkes a Docx	file_share
0		send pihlajamäki a onenote	file_share
0		send brickvall a workbook	file_share
0		send laprati a gif	file_share
0		send kupresenin a word	file_share
0		send gol?dberg a onenote	file_share
0		send sanches a vst	file_share
0		send eerkes a workbook	file_share
0		send lestonnac a tsv	file_share
0		send beullier a slide	file_share
0		send alkindar a ppts	file_share
0		send washinski a vsdx	file_share
0		send srivastva a Docs	file_share
0		send grimaldi a vdw	file_share
0		send lestonnac a vssx	file_share
0		send wispé a notes	file_share
0		send koroteyev a notebooks	file_share
0		send meldy a image	file_share
0		send sumohadi a notes	file_share
0		send demignot a notebooks	file_share
0		send kaketsuka a vsd	file_share
0		send runcikova a excels	file_share
0		send schuurkes a vstm	file_share
0		send ausenda a jpeg	file_share
0		send quigby a spec	file_share
0		send nusayri a pdfs	file_share
0		send bastielli a decks	file_share
0		send kupresenin a pdf	file_share
0		send vilag a ppt	file_share
0		send trentinaglia a excel	file_share
0		send jauneau a powerpoint	file_share
0		send sagintai a presentation	file_share
0		send š?rants a spreadsheet	file_share
0		send edcarlos a Docx	file_share
0		send wilcock a spec	file_share
0		send suoverinaho a vcs	file_share
0		send strajan a excel	file_share
0		send ausenda a onenote	file_share
0		send hardeman a vstm	file_share
0		send tanglay a notebooks	file_share
0		send crèvecoeur a ppts	file_share
0		send hiero a powerpoint	file_share
0		send dudamel a vss	file_share
0		send zerlentes a vsdm	file_share
0		send dudamel a image	file_share
0		send kiyindou a gif	file_share
0		send bandi? a vss	file_share
0		send dutut a powerpoint	file_share
0		send edcarlos a Docx	file_share
0		send nicolares a pptx	file_share
0		send mestic a onenote	file_share
0		send shetland a docs	file_share
0		send kakuczi a msg	file_share
0		send kaketsuka a decks	file_share
0		send sagintai a ppt	file_share
0		send trimonti a ics	file_share
0		send charky a vst	file_share
0		send macapobre a ppts	file_share
0		send sirisukha a slides	file_share
0		send chrenoczy a presentation	file_share
0		send siebels a notebooks	file_share
0		send derby a decks	file_share
0		send pragti a vss	file_share
0		send mikhailova a deck	file_share
0		send barsewisch a Doc	file_share
0		send zabelli a notebooks	file_share
0		send jurinac a vsdm	file_share
0		send srivastva a vsdm	file_share
0		send trentinaglia a powerpoints	file_share
0		send dudamel a power point	file_share
0		send calcagnini a vss	file_share
0		send ancy a Doc	file_share
0		send tselikovsky a csv	file_share
0		send maaronen a OneNote	file_share
0		send adjei-yeboah a excel	file_share
0		send runcikova a vssx	file_share
0		send peirats a vsd	file_share
0		send rumowski a presentation	file_share
0		send skovby a Docx	file_share
0		send bandi? a vstm	file_share
0		send lestonnac a slides	file_share
0		send funder a deck	file_share
0		send trentinaglia a ppt	file_share
0		send beullier a word	file_share
0		send tschokkinen a vsdm	file_share
0		send sawin a jpeg	file_share
0		send marnix a jpeg	file_share
0		send sawin a notebook	file_share
0		send dudamel a excels	file_share
0		send lestonnac a ics	file_share
0		send sawin a ppts	file_share
0		send hardeman a notebook	file_share
0		send mcgone a powerpoints	file_share
0		send bajmoci a ppt	file_share
0		send ganje a notes	file_share
0		send hoschna a Docs	file_share
0		send tselikovsky a OneNote	file_share
0		send harmaakivi a ppts	file_share
0		send hiero a vsd	file_share
0		send brayshaw a xlsx	file_share
0		send dudamel a notebook	file_share
0		send bazzalja a Docx	file_share
0		send tanglay a deck	file_share
0		send calcagnini a presentations	file_share
0		send vajteršic a pptx	file_share
0		send sutula a mpt	file_share
0		send lestonnac a pdfs	file_share
0		send meme a Doc	file_share
0		send brayshaw a word	file_share
0		send ancy a word	file_share
0		send rolvaag a powerpoints	file_share
