0	File on movies and dinner	file_search	files	File on <file_keyword> movies and dinner </file_keyword>
0	File on month end	file_search	files	File on <file_keyword> month end </file_keyword>
0	File on carlie	file_search	files	File on <file_keyword> carlie </file_keyword>
0	File on dinner with jason	file_search	files	File on <file_keyword> dinner with jason </file_keyword>
0	File on xmas party	file_search	files	File on <file_keyword> xmas party </file_keyword>
0	File on great movie	file_search	files	File on <file_keyword> great movie </file_keyword>
0	File on kate ' s engagement party	file_search	files	File on <file_keyword> kate ' s engagement party </file_keyword>
0	File on walkthrough	file_search	files	File on <file_keyword> walkthrough </file_keyword>
0	File on andrews physical therapy check in at one 30 for insurance	file_search	files	File on <file_keyword> andrews physical therapy check in at one 30 for insurance </file_keyword>
0	File on where to show cast ?	file_search	files	File on <file_keyword> where to show cast ? </file_keyword>
0	File on build conference	file_search	files	File on <file_keyword> build conference </file_keyword>
0	File on outpatient lab	file_search	files	File on <file_keyword> outpatient lab </file_keyword>
0	File on practice for george	file_search	files	File on <file_keyword> practice for george </file_keyword>
0	File on dating	file_search	files	File on <file_keyword> dating </file_keyword>
0	File on go to social security office	file_search	files	File on <file_keyword> go to social security office </file_keyword>
0	File on graduating	file_search	files	File on <file_keyword> graduating </file_keyword>
0	File on next week ' s meeting	file_search	files	File on <file_keyword> next week ' s meeting </file_keyword>
0	File on rush to airport	file_search	files	File on <file_keyword> rush to airport </file_keyword>
0	File on get my hair did	file_search	files	File on <file_keyword> get my hair did </file_keyword>
0	File on guitar lessons	file_search	files	File on <file_keyword> guitar lessons </file_keyword>
0	File on carlie	file_search	files	File on <file_keyword> carlie </file_keyword>
0	File on practice for george	file_search	files	File on <file_keyword> practice for george </file_keyword>
0	File on elena ' s birthday	file_search	files	File on <file_keyword> elena ' s birthday </file_keyword>
0	File on coursework portfolio	file_search	files	File on <file_keyword> coursework portfolio </file_keyword>
0	File on family fishing trip	file_search	files	File on <file_keyword> family fishing trip </file_keyword>
0	File on appointment at ruth bjork	file_search	files	File on <file_keyword> appointment at ruth bjork </file_keyword>
0	File on therapy appointment	file_search	files	File on <file_keyword> therapy appointment </file_keyword>
0	File on spin-fit	file_search	files	File on <file_keyword> spin-fit </file_keyword>
0	File on lynn	file_search	files	File on <file_keyword> lynn </file_keyword>
0	File on mom get to town	file_search	files	File on <file_keyword> mom get to town </file_keyword>
0	File on postal service	file_search	files	File on <file_keyword> postal service </file_keyword>
0	File on jobs to apply for	file_search	files	File on <file_keyword> jobs to apply for </file_keyword>
0	File on dicuss business plan	file_search	files	File on <file_keyword> dicuss business plan </file_keyword>
0	File on tennis game	file_search	files	File on <file_keyword> tennis game </file_keyword>
0	File on work to - do	file_search	files	File on <file_keyword> work to - do </file_keyword>
0	File on pk ' s barbeque	file_search	files	File on <file_keyword> pk ' s barbeque </file_keyword>
0	File on go to social security office	file_search	files	File on <file_keyword> go to social security office </file_keyword>
0	File on appointment with bruner orthodontics	file_search	files	File on <file_keyword> appointment with bruner orthodontics </file_keyword>
0	File on do homework when i leave school	file_search	files	File on <file_keyword> do homework when i leave school </file_keyword>
0	File on therapy appointment	file_search	files	File on <file_keyword> therapy appointment </file_keyword>
0	File on make cup of tea	file_search	files	File on <file_keyword> make cup of tea </file_keyword>
0	File on beach vacation	file_search	files	File on <file_keyword> beach vacation </file_keyword>
0	File on erase chilling at the are the skateboard to ball in every day	file_search	files	File on <file_keyword> erase chilling at the are the skateboard to ball in every day </file_keyword>
0	File on spin-fit	file_search	files	File on <file_keyword> spin-fit </file_keyword>
0	File on theme park	file_search	files	File on <file_keyword> theme park </file_keyword>
0	File on summer 2014 trip	file_search	files	File on <file_keyword> summer 2014 trip </file_keyword>
0	File on showing at 3120	file_search	files	File on <file_keyword> showing at 3120 </file_keyword>
0	File on build conference	file_search	files	File on <file_keyword> build conference </file_keyword>
0	File on pixote	file_search	files	File on <file_keyword> pixote </file_keyword>
0	File on warehouse meeting with dan and marketing	file_search	files	File on <file_keyword> warehouse meeting with dan and marketing </file_keyword>
0	File on make flight scheduled at 315	file_search	files	File on <file_keyword> make flight scheduled at 315 </file_keyword>
0	File on yurt camping	file_search	files	File on <file_keyword> yurt camping </file_keyword>
0	File on rescue center volunteering	file_search	files	File on <file_keyword> rescue center volunteering </file_keyword>
0	File on i am at the cinema	file_search	files	File on <file_keyword> i am at the cinema </file_keyword>
0	File on ukrainian have to make a catch up	file_search	files	File on <file_keyword> ukrainian have to make a catch up </file_keyword>
0	File on pick up hockey	file_search	files	File on <file_keyword> pick up hockey </file_keyword>
0	File on d s s pulse	file_search	files	File on <file_keyword> d s s pulse </file_keyword>
0	File on vision class christmas party	file_search	files	File on <file_keyword> vision class christmas party </file_keyword>
0	File on birthday party for chris	file_search	files	File on <file_keyword> birthday party for chris </file_keyword>
0	File on good fest	file_search	files	File on <file_keyword> good fest </file_keyword>
0	File on go to part time job	file_search	files	File on <file_keyword> go to part time job </file_keyword>
0	File on outpatient lab	file_search	files	File on <file_keyword> outpatient lab </file_keyword>
0	File on lemon appointment	file_search	files	File on <file_keyword> lemon appointment </file_keyword>
0	File on t . m . i .	file_search	files	File on <file_keyword> t . m . i . </file_keyword>
0	File on boss coming	file_search	files	File on <file_keyword> boss coming </file_keyword>
0	File on tennis game	file_search	files	File on <file_keyword> tennis game </file_keyword>
0	File on field trip to science center	file_search	files	File on <file_keyword> field trip to science center </file_keyword>
0	File on going out to cinema	file_search	files	File on <file_keyword> going out to cinema </file_keyword>
0	File on pick up the kids from camp	file_search	files	File on <file_keyword> pick up the kids from camp </file_keyword>
0	File on dan ' s birthday dinner	file_search	files	File on <file_keyword> dan ' s birthday dinner </file_keyword>
0	File on wash c pap	file_search	files	File on <file_keyword> wash c pap </file_keyword>
0	File on see my lawyer mr brady	file_search	files	File on <file_keyword> see my lawyer mr brady </file_keyword>
0	File on haircut appointment for nikolas	file_search	files	File on <file_keyword> haircut appointment for nikolas </file_keyword>
0	File on showing at 3120	file_search	files	File on <file_keyword> showing at 3120 </file_keyword>
0	File on drinking appointment	file_search	files	File on <file_keyword> drinking appointment </file_keyword>
0	File on return all phones calls	file_search	files	File on <file_keyword> return all phones calls </file_keyword>
0	File on sam's club shopping	file_search	files	File on <file_keyword> sam's club shopping </file_keyword>
0	File on hearing appointment for olivia	file_search	files	File on <file_keyword> hearing appointment for olivia </file_keyword>
0	File on renegades bantam 2 hockey	file_search	files	File on <file_keyword> renegades bantam 2 hockey </file_keyword>
0	File on barbecue at holly ' s	file_search	files	File on <file_keyword> barbecue at holly ' s </file_keyword>
0	File on watch the game	file_search	files	File on <file_keyword> watch the game </file_keyword>
0	File on therapy appointment	file_search	files	File on <file_keyword> therapy appointment </file_keyword>
0	File on shrink appointment	file_search	files	File on <file_keyword> shrink appointment </file_keyword>
0	File on fund raiser meeting	file_search	files	File on <file_keyword> fund raiser meeting </file_keyword>
0	File on klpac	file_search	files	File on <file_keyword> klpac </file_keyword>
0	File on theme park	file_search	files	File on <file_keyword> theme park </file_keyword>
0	File on return all phones calls	file_search	files	File on <file_keyword> return all phones calls </file_keyword>
0	File on major award	file_search	files	File on <file_keyword> major award </file_keyword>
0	File on watch the game	file_search	files	File on <file_keyword> watch the game </file_keyword>
0	File on diabetic check	file_search	files	File on <file_keyword> diabetic check </file_keyword>
0	File on haircut appointment for nikolas	file_search	files	File on <file_keyword> haircut appointment for nikolas </file_keyword>
0	File on postal service	file_search	files	File on <file_keyword> postal service </file_keyword>
0	File on dicuss business plan	file_search	files	File on <file_keyword> dicuss business plan </file_keyword>
0	File on coursework portfolio	file_search	files	File on <file_keyword> coursework portfolio </file_keyword>
0	File on bored there	file_search	files	File on <file_keyword> bored there </file_keyword>
0	File on elena ' s birthday	file_search	files	File on <file_keyword> elena ' s birthday </file_keyword>
0	File on vaction	file_search	files	File on <file_keyword> vaction </file_keyword>
0	File on appointments	file_search	files	File on <file_keyword> appointments </file_keyword>
0	File on prepare for all hands	file_search	files	File on <file_keyword> prepare for all hands </file_keyword>
0	File on class at the school	file_search	files	File on <file_keyword> class at the school </file_keyword>
0	File on kelly gynecologist	file_search	files	File on <file_keyword> kelly gynecologist </file_keyword>
0	File on jackson's wrestling	file_search	files	File on <file_keyword> jackson's wrestling </file_keyword>
0	File on study for my test	file_search	files	File on <file_keyword> study for my test </file_keyword>
0	File on building atse	file_search	files	File on <file_keyword> building atse </file_keyword>
0	File on good fest	file_search	files	File on <file_keyword> good fest </file_keyword>
0	File on work to - do	file_search	files	File on <file_keyword> work to - do </file_keyword>
0	File on men shed	file_search	files	File on <file_keyword> men shed </file_keyword>
0	File on talking lens production work	file_search	files	File on <file_keyword> talking lens production work </file_keyword>
0	File on birthday party for chris	file_search	files	File on <file_keyword> birthday party for chris </file_keyword>
0	File on flores appointment	file_search	files	File on <file_keyword> flores appointment </file_keyword>
0	File on postal service	file_search	files	File on <file_keyword> postal service </file_keyword>
0	File on meet luke	file_search	files	File on <file_keyword> meet luke </file_keyword>
0	File on study for my test	file_search	files	File on <file_keyword> study for my test </file_keyword>
0	File on phone nicola	file_search	files	File on <file_keyword> phone nicola </file_keyword>
0	File on new way to request time off using a form in advance meeting	file_search	files	File on <file_keyword> new way to request time off using a form in advance meeting </file_keyword>
0	File on lemon appointment	file_search	files	File on <file_keyword> lemon appointment </file_keyword>
0	File on verify hardware inven	file_search	files	File on <file_keyword> verify hardware inven </file_keyword>
0	File on cabinet apointment	file_search	files	File on <file_keyword> cabinet apointment </file_keyword>
0	File on make cup of tea	file_search	files	File on <file_keyword> make cup of tea </file_keyword>
0	File on birthday party for chris	file_search	files	File on <file_keyword> birthday party for chris </file_keyword>
0	File on brick everyone	file_search	files	File on <file_keyword> brick everyone </file_keyword>
0	File on return all phones calls	file_search	files	File on <file_keyword> return all phones calls </file_keyword>
0	File on new way to request time off using a form in advance meeting	file_search	files	File on <file_keyword> new way to request time off using a form in advance meeting </file_keyword>
0	File on men shed	file_search	files	File on <file_keyword> men shed </file_keyword>
0	File on apple mdm	file_search	files	File on <file_keyword> apple mdm </file_keyword>
0	File on lunch with mom	file_search	files	File on <file_keyword> lunch with mom </file_keyword>
0	File on appointment with bunny	file_search	files	File on <file_keyword> appointment with bunny </file_keyword>
0	File on make flight scheduled at 315	file_search	files	File on <file_keyword> make flight scheduled at 315 </file_keyword>
0	File on dan birthday dinner	file_search	files	File on <file_keyword> dan birthday dinner </file_keyword>
0	File on open enrollment	file_search	files	File on <file_keyword> open enrollment </file_keyword>
0	File on verify hardware inven	file_search	files	File on <file_keyword> verify hardware inven </file_keyword>
0	File on dicuss business plan	file_search	files	File on <file_keyword> dicuss business plan </file_keyword>
0	File on groceries to buy	file_search	files	File on <file_keyword> groceries to buy </file_keyword>
0	File on appointment with bruner orthodontics	file_search	files	File on <file_keyword> appointment with bruner orthodontics </file_keyword>
0	File on klpac	file_search	files	File on <file_keyword> klpac </file_keyword>
0	File on cortana study	file_search	files	File on <file_keyword> cortana study </file_keyword>
0	File on appointment with pep boy	file_search	files	File on <file_keyword> appointment with pep boy </file_keyword>
0	File on picture appointment	file_search	files	File on <file_keyword> picture appointment </file_keyword>
0	File on cover letter	file_search	files	File on <file_keyword> cover letter </file_keyword>
0	File on school team training	file_search	files	File on <file_keyword> school team training </file_keyword>
0	File on go to the gym	file_search	files	File on <file_keyword> go to the gym </file_keyword>
0	File on sam's club shopping	file_search	files	File on <file_keyword> sam's club shopping </file_keyword>
0	File on z . ' s car	file_search	files	File on <file_keyword> z . ' s car </file_keyword>
0	File on dating	file_search	files	File on <file_keyword> dating </file_keyword>
0	File on juice	file_search	files	File on <file_keyword> juice </file_keyword>
0	File on make cup of tea	file_search	files	File on <file_keyword> make cup of tea </file_keyword>
0	File on lynn	file_search	files	File on <file_keyword> lynn </file_keyword>
0	File on ragged at the vet	file_search	files	File on <file_keyword> ragged at the vet </file_keyword>
0	File on bored there	file_search	files	File on <file_keyword> bored there </file_keyword>
0	File on after school meeting	file_search	files	File on <file_keyword> after school meeting </file_keyword>
0	File on paper work	file_search	files	File on <file_keyword> paper work </file_keyword>
0	File on music class appointment	file_search	files	File on <file_keyword> music class appointment </file_keyword>
0	File on drinking appointment	file_search	files	File on <file_keyword> drinking appointment </file_keyword>
0	File on cover letter	file_search	files	File on <file_keyword> cover letter </file_keyword>
0	File on appointments	file_search	files	File on <file_keyword> appointments </file_keyword>
0	File on d - day	file_search	files	File on <file_keyword> d - day </file_keyword>
0	File on play games with who	file_search	files	File on <file_keyword> play games with who </file_keyword>
0	File on prayer space	file_search	files	File on <file_keyword> prayer space </file_keyword>
0	File on going out to cinema	file_search	files	File on <file_keyword> going out to cinema </file_keyword>
0	File on jackson's wrestling	file_search	files	File on <file_keyword> jackson's wrestling </file_keyword>
0	File on pick up sarah	file_search	files	File on <file_keyword> pick up sarah </file_keyword>
0	File on rock ' n ' roll	file_search	files	File on <file_keyword> rock ' n ' roll </file_keyword>
0	File on appointment with bruner orthodontics	file_search	files	File on <file_keyword> appointment with bruner orthodontics </file_keyword>
0	File on kelly gynecologist	file_search	files	File on <file_keyword> kelly gynecologist </file_keyword>
0	File on family birthdays	file_search	files	File on <file_keyword> family birthdays </file_keyword>
0	File on week 4	file_search	files	File on <file_keyword> week 4 </file_keyword>
0	File on get my hair did	file_search	files	File on <file_keyword> get my hair did </file_keyword>
0	File on work to - do	file_search	files	File on <file_keyword> work to - do </file_keyword>
0	File on sign on	file_search	files	File on <file_keyword> sign on </file_keyword>
0	File on pradip on vacation	file_search	files	File on <file_keyword> pradip on vacation </file_keyword>
0	File on collaboration workshop	file_search	files	File on <file_keyword> collaboration workshop </file_keyword>
0	File on picture appointment	file_search	files	File on <file_keyword> picture appointment </file_keyword>
0	File on work to - do	file_search	files	File on <file_keyword> work to - do </file_keyword>
0	File on p d	file_search	files	File on <file_keyword> p d </file_keyword>
0	File on talking lens production work	file_search	files	File on <file_keyword> talking lens production work </file_keyword>
0	File on study for my test	file_search	files	File on <file_keyword> study for my test </file_keyword>
0	File on haircut appointment for nikolas	file_search	files	File on <file_keyword> haircut appointment for nikolas </file_keyword>
0	File on lee dole purpose is lunch	file_search	files	File on <file_keyword> lee dole purpose is lunch </file_keyword>
0	File on yurt camping	file_search	files	File on <file_keyword> yurt camping </file_keyword>
0	File on shrink appointment	file_search	files	File on <file_keyword> shrink appointment </file_keyword>
0	File on beach vacation	file_search	files	File on <file_keyword> beach vacation </file_keyword>
0	File on james birthday	file_search	files	File on <file_keyword> james birthday </file_keyword>
0	File on lemon appointment	file_search	files	File on <file_keyword> lemon appointment </file_keyword>
0	File on prayer space	file_search	files	File on <file_keyword> prayer space </file_keyword>
0	File on great movie	file_search	files	File on <file_keyword> great movie </file_keyword>
0	File on go to the berkshire	file_search	files	File on <file_keyword> go to the berkshire </file_keyword>
0	File on beach vacation	file_search	files	File on <file_keyword> beach vacation </file_keyword>
0	File on lemon appointment	file_search	files	File on <file_keyword> lemon appointment </file_keyword>
0	File on go to part time job	file_search	files	File on <file_keyword> go to part time job </file_keyword>
0	File on appointment with bruner orthodontics	file_search	files	File on <file_keyword> appointment with bruner orthodontics </file_keyword>
0	File on let the dog out	file_search	files	File on <file_keyword> let the dog out </file_keyword>
0	File on update database	file_search	files	File on <file_keyword> update database </file_keyword>
0	File on pick up the kids from camp	file_search	files	File on <file_keyword> pick up the kids from camp </file_keyword>
0	File on men shed	file_search	files	File on <file_keyword> men shed </file_keyword>
0	File on matilda	file_search	files	File on <file_keyword> matilda </file_keyword>
0	File on file management	file_search	files	File on <file_keyword> file management </file_keyword>
0	File on dateline	file_search	files	File on <file_keyword> dateline </file_keyword>
0	File on doctor ' s visit	file_search	files	File on <file_keyword> doctor ' s visit </file_keyword>
0	File on update database	file_search	files	File on <file_keyword> update database </file_keyword>
0	File on jackson's wrestling	file_search	files	File on <file_keyword> jackson's wrestling </file_keyword>
0	Files on post to crime watch	file_search	files	Files on <file_keyword> post to crime watch </file_keyword>
0	Files on field trip to science center	file_search	files	Files on <file_keyword> field trip to science center </file_keyword>
0	Files on hearing appointment for olivia	file_search	files	Files on <file_keyword> hearing appointment for olivia </file_keyword>
0	Files on prepare for all hands	file_search	files	Files on <file_keyword> prepare for all hands </file_keyword>
0	Files on yurt camping	file_search	files	Files on <file_keyword> yurt camping </file_keyword>
0	Files on lee dole purpose is lunch	file_search	files	Files on <file_keyword> lee dole purpose is lunch </file_keyword>
0	Files on go to part time job	file_search	files	Files on <file_keyword> go to part time job </file_keyword>
0	Files on boss coming	file_search	files	Files on <file_keyword> boss coming </file_keyword>
0	Files on family birthdays	file_search	files	Files on <file_keyword> family birthdays </file_keyword>
0	Files on movies and dinner	file_search	files	Files on <file_keyword> movies and dinner </file_keyword>
0	Files on fund raiser meeting	file_search	files	Files on <file_keyword> fund raiser meeting </file_keyword>
0	Files on after school meeting	file_search	files	Files on <file_keyword> after school meeting </file_keyword>
0	Files on work to - do	file_search	files	Files on <file_keyword> work to - do </file_keyword>
0	Files on pradip on vacation	file_search	files	Files on <file_keyword> pradip on vacation </file_keyword>
0	Files on jobs to apply for	file_search	files	Files on <file_keyword> jobs to apply for </file_keyword>
0	Files on picture appointment	file_search	files	Files on <file_keyword> picture appointment </file_keyword>
0	Files on doctor ' s visit	file_search	files	Files on <file_keyword> doctor ' s visit </file_keyword>
0	Files on jobs to apply for	file_search	files	Files on <file_keyword> jobs to apply for </file_keyword>
0	Files on class at the school	file_search	files	Files on <file_keyword> class at the school </file_keyword>
0	Files on wash c pap	file_search	files	Files on <file_keyword> wash c pap </file_keyword>
0	Files on school team training	file_search	files	Files on <file_keyword> school team training </file_keyword>
0	Files on next week ' s meeting	file_search	files	Files on <file_keyword> next week ' s meeting </file_keyword>
0	Files on go to the gym	file_search	files	Files on <file_keyword> go to the gym </file_keyword>
0	Files on carlie	file_search	files	Files on <file_keyword> carlie </file_keyword>
0	Files on dinner with the omundi	file_search	files	Files on <file_keyword> dinner with the omundi </file_keyword>
0	Files on good fest	file_search	files	Files on <file_keyword> good fest </file_keyword>
0	Files on file management	file_search	files	Files on <file_keyword> file management </file_keyword>
0	Files on appointment with bunny	file_search	files	Files on <file_keyword> appointment with bunny </file_keyword>
0	Files on good fest	file_search	files	Files on <file_keyword> good fest </file_keyword>
0	Files on do homework when i leave school	file_search	files	Files on <file_keyword> do homework when i leave school </file_keyword>
0	Files on sam's club shopping	file_search	files	Files on <file_keyword> sam's club shopping </file_keyword>
0	Files on lunch with mom	file_search	files	Files on <file_keyword> lunch with mom </file_keyword>
0	Files on go to the berkshire	file_search	files	Files on <file_keyword> go to the berkshire </file_keyword>
0	Files on d s s pulse	file_search	files	Files on <file_keyword> d s s pulse </file_keyword>
0	Files on reservation	file_search	files	Files on <file_keyword> reservation </file_keyword>
0	Files on bring records from new york city	file_search	files	Files on <file_keyword> bring records from new york city </file_keyword>
0	Files on week 4	file_search	files	Files on <file_keyword> week 4 </file_keyword>
0	Files on birthday party for chris	file_search	files	Files on <file_keyword> birthday party for chris </file_keyword>
0	Files on family fishing trip	file_search	files	Files on <file_keyword> family fishing trip </file_keyword>
0	Files on dan birthday dinner	file_search	files	Files on <file_keyword> dan birthday dinner </file_keyword>
0	Files on doctor lewis	file_search	files	Files on <file_keyword> doctor lewis </file_keyword>
0	Files on lynn	file_search	files	Files on <file_keyword> lynn </file_keyword>
0	Files on outpatient lab	file_search	files	Files on <file_keyword> outpatient lab </file_keyword>
0	Files on brick everyone	file_search	files	Files on <file_keyword> brick everyone </file_keyword>
0	Files on appointment with bunny	file_search	files	Files on <file_keyword> appointment with bunny </file_keyword>
0	Files on doctor phil	file_search	files	Files on <file_keyword> doctor phil </file_keyword>
0	Files on dinner for christmas	file_search	files	Files on <file_keyword> dinner for christmas </file_keyword>
0	Files on make arrangements for the party	file_search	files	Files on <file_keyword> make arrangements for the party </file_keyword>
0	Files on klpac	file_search	files	Files on <file_keyword> klpac </file_keyword>
0	Files on dinner at in laws	file_search	files	Files on <file_keyword> dinner at in laws </file_keyword>
0	Files on dinner for christmas	file_search	files	Files on <file_keyword> dinner for christmas </file_keyword>
0	Files on carlie	file_search	files	Files on <file_keyword> carlie </file_keyword>
0	Files on ragged at the vet	file_search	files	Files on <file_keyword> ragged at the vet </file_keyword>
0	Files on appointment with bruner orthodontics	file_search	files	Files on <file_keyword> appointment with bruner orthodontics </file_keyword>
0	Files on family birthdays	file_search	files	Files on <file_keyword> family birthdays </file_keyword>
0	Files on dateline	file_search	files	Files on <file_keyword> dateline </file_keyword>
0	Files on music class appointment	file_search	files	Files on <file_keyword> music class appointment </file_keyword>
0	Files on juice	file_search	files	Files on <file_keyword> juice </file_keyword>
0	Files on build conference	file_search	files	Files on <file_keyword> build conference </file_keyword>
0	Files on see my lawyer mr brady	file_search	files	Files on <file_keyword> see my lawyer mr brady </file_keyword>
0	Files on vision class christmas party	file_search	files	Files on <file_keyword> vision class christmas party </file_keyword>
0	Files on meet luke	file_search	files	Files on <file_keyword> meet luke </file_keyword>
0	Files on renegades bantam 2 hockey	file_search	files	Files on <file_keyword> renegades bantam 2 hockey </file_keyword>
0	Files on sam's club shopping	file_search	files	Files on <file_keyword> sam's club shopping </file_keyword>
0	Files on building atse	file_search	files	Files on <file_keyword> building atse </file_keyword>
0	Files on swift time	file_search	files	Files on <file_keyword> swift time </file_keyword>
0	Files on let the dog out	file_search	files	Files on <file_keyword> let the dog out </file_keyword>
0	Files on building atse	file_search	files	Files on <file_keyword> building atse </file_keyword>
0	Files on doctor ' s visit	file_search	files	Files on <file_keyword> doctor ' s visit </file_keyword>
0	Files on go to the berkshire	file_search	files	Files on <file_keyword> go to the berkshire </file_keyword>
0	Files on vaction	file_search	files	Files on <file_keyword> vaction </file_keyword>
0	Files on guitar lessons	file_search	files	Files on <file_keyword> guitar lessons </file_keyword>
0	Files on showing at 3120	file_search	files	Files on <file_keyword> showing at 3120 </file_keyword>
0	Files on kate ' s engagement party	file_search	files	Files on <file_keyword> kate ' s engagement party </file_keyword>
0	Files on rock ' n ' roll	file_search	files	Files on <file_keyword> rock ' n ' roll </file_keyword>
0	Files on juice	file_search	files	Files on <file_keyword> juice </file_keyword>
0	Files on review new laws draft email to kelly	file_search	files	Files on <file_keyword> review new laws draft email to kelly </file_keyword>
0	Files on z . ' s car	file_search	files	Files on <file_keyword> z . ' s car </file_keyword>
0	Files on get my hair did	file_search	files	Files on <file_keyword> get my hair did </file_keyword>
0	Files on do homework when i leave school	file_search	files	Files on <file_keyword> do homework when i leave school </file_keyword>
0	Files on postal service	file_search	files	Files on <file_keyword> postal service </file_keyword>
0	Files on rescue center volunteering	file_search	files	Files on <file_keyword> rescue center volunteering </file_keyword>
0	Files on walkthrough	file_search	files	Files on <file_keyword> walkthrough </file_keyword>
0	Files on collaboration workshop	file_search	files	Files on <file_keyword> collaboration workshop </file_keyword>
0	Files on math review session	file_search	files	Files on <file_keyword> math review session </file_keyword>
0	Files on matilda	file_search	files	Files on <file_keyword> matilda </file_keyword>
0	Files on animal shelter visit	file_search	files	Files on <file_keyword> animal shelter visit </file_keyword>
0	Files on james birthday	file_search	files	Files on <file_keyword> james birthday </file_keyword>
0	Files on apple mdm	file_search	files	Files on <file_keyword> apple mdm </file_keyword>
0	Files on theme park	file_search	files	Files on <file_keyword> theme park </file_keyword>
0	Files on update database	file_search	files	Files on <file_keyword> update database </file_keyword>
0	Files on elena ' s birthday	file_search	files	Files on <file_keyword> elena ' s birthday </file_keyword>
0	Files on haircut appointment for nikolas	file_search	files	Files on <file_keyword> haircut appointment for nikolas </file_keyword>
0	Files on work dash photo	file_search	files	Files on <file_keyword> work dash photo </file_keyword>
0	Files on d s s pulse	file_search	files	Files on <file_keyword> d s s pulse </file_keyword>
0	Files on renegades bantam 2 hockey	file_search	files	Files on <file_keyword> renegades bantam 2 hockey </file_keyword>
0	Files on warehouse meeting with dan and marketing	file_search	files	Files on <file_keyword> warehouse meeting with dan and marketing </file_keyword>
0	Files on lemon appointment	file_search	files	Files on <file_keyword> lemon appointment </file_keyword>
0	Files on pick up emily at ruth richland ' s house	file_search	files	Files on <file_keyword> pick up emily at ruth richland ' s house </file_keyword>
0	Files on class at the school	file_search	files	Files on <file_keyword> class at the school </file_keyword>
0	Files on carlie	file_search	files	Files on <file_keyword> carlie </file_keyword>
0	Files on go to part time job	file_search	files	Files on <file_keyword> go to part time job </file_keyword>
0	Files on swift time	file_search	files	Files on <file_keyword> swift time </file_keyword>
0	Files on going out to cinema	file_search	files	Files on <file_keyword> going out to cinema </file_keyword>
0	Files on tennis game	file_search	files	Files on <file_keyword> tennis game </file_keyword>
0	Files on after school meeting	file_search	files	Files on <file_keyword> after school meeting </file_keyword>
0	Files on bring records from new york city	file_search	files	Files on <file_keyword> bring records from new york city </file_keyword>
0	Files on walkthrough	file_search	files	Files on <file_keyword> walkthrough </file_keyword>
0	Files on pdsa	file_search	files	Files on <file_keyword> pdsa </file_keyword>
0	Files on appointment with pep boy	file_search	files	Files on <file_keyword> appointment with pep boy </file_keyword>
0	Files on verify hardware inven	file_search	files	Files on <file_keyword> verify hardware inven </file_keyword>
0	Files on what's the date first phone	file_search	files	Files on <file_keyword> what's the date first phone </file_keyword>
0	Files on school team training	file_search	files	Files on <file_keyword> school team training </file_keyword>
0	Files on doctor phil	file_search	files	Files on <file_keyword> doctor phil </file_keyword>
0	Files on doctor mosley	file_search	files	Files on <file_keyword> doctor mosley </file_keyword>
0	Files on watch the game	file_search	files	Files on <file_keyword> watch the game </file_keyword>
0	Files on doctor phil	file_search	files	Files on <file_keyword> doctor phil </file_keyword>
0	Files on christmas purchases	file_search	files	Files on <file_keyword> christmas purchases </file_keyword>
0	Files on pick up luca	file_search	files	Files on <file_keyword> pick up luca </file_keyword>
0	Files on do homework when i leave school	file_search	files	Files on <file_keyword> do homework when i leave school </file_keyword>
0	Files on play games with who	file_search	files	Files on <file_keyword> play games with who </file_keyword>
0	Files on pick up hockey	file_search	files	Files on <file_keyword> pick up hockey </file_keyword>
0	Files on this weekend ' s trip	file_search	files	Files on <file_keyword> this weekend ' s trip </file_keyword>
0	Files on next week ' s meeting	file_search	files	Files on <file_keyword> next week ' s meeting </file_keyword>
0	Files on file management	file_search	files	Files on <file_keyword> file management </file_keyword>
0	Files on post to crime watch	file_search	files	Files on <file_keyword> post to crime watch </file_keyword>
0	Files on kate ' s engagement party	file_search	files	Files on <file_keyword> kate ' s engagement party </file_keyword>
0	Files on outpatient lab	file_search	files	Files on <file_keyword> outpatient lab </file_keyword>
0	Files on get my hair did	file_search	files	Files on <file_keyword> get my hair did </file_keyword>
0	Files on carlie	file_search	files	Files on <file_keyword> carlie </file_keyword>
0	Files on rescue center volunteering	file_search	files	Files on <file_keyword> rescue center volunteering </file_keyword>
0	Files on appointment at malvern theatres	file_search	files	Files on <file_keyword> appointment at malvern theatres </file_keyword>
0	Files on reservation	file_search	files	Files on <file_keyword> reservation </file_keyword>
0	Files on guitar lessons	file_search	files	Files on <file_keyword> guitar lessons </file_keyword>
0	Files on file management	file_search	files	Files on <file_keyword> file management </file_keyword>
0	Files on major award	file_search	files	Files on <file_keyword> major award </file_keyword>
0	Files on dinner with the omundi	file_search	files	Files on <file_keyword> dinner with the omundi </file_keyword>
0	Files on review new laws draft email to kelly	file_search	files	Files on <file_keyword> review new laws draft email to kelly </file_keyword>
0	Files on elena ' s birthday	file_search	files	Files on <file_keyword> elena ' s birthday </file_keyword>
0	Files on bored there	file_search	files	Files on <file_keyword> bored there </file_keyword>
0	Files on return all phones calls	file_search	files	Files on <file_keyword> return all phones calls </file_keyword>
0	Files on irs appointment	file_search	files	Files on <file_keyword> irs appointment </file_keyword>
0	Files on doctor phil	file_search	files	Files on <file_keyword> doctor phil </file_keyword>
0	Files on visit the doctor	file_search	files	Files on <file_keyword> visit the doctor </file_keyword>
0	Files on this weekend ' s trip	file_search	files	Files on <file_keyword> this weekend ' s trip </file_keyword>
0	Files on elena ' s birthday	file_search	files	Files on <file_keyword> elena ' s birthday </file_keyword>
0	Files on lectors	file_search	files	Files on <file_keyword> lectors </file_keyword>
0	Files on reservation	file_search	files	Files on <file_keyword> reservation </file_keyword>
0	Files on pick up shoes	file_search	files	Files on <file_keyword> pick up shoes </file_keyword>
0	Files on cabinet apointment	file_search	files	Files on <file_keyword> cabinet apointment </file_keyword>
0	Files on dinner with jenny and jesse	file_search	files	Files on <file_keyword> dinner with jenny and jesse </file_keyword>
0	Files on kate ' s engagement party	file_search	files	Files on <file_keyword> kate ' s engagement party </file_keyword>
0	Files on sign on	file_search	files	Files on <file_keyword> sign on </file_keyword>
0	Files on disk cleanup	file_search	files	Files on <file_keyword> disk cleanup </file_keyword>
0	Files on ukrainian have to make a catch up	file_search	files	Files on <file_keyword> ukrainian have to make a catch up </file_keyword>
0	Files on good fest	file_search	files	Files on <file_keyword> good fest </file_keyword>
0	Files on file management	file_search	files	Files on <file_keyword> file management </file_keyword>
0	Files on coursework portfolio	file_search	files	Files on <file_keyword> coursework portfolio </file_keyword>
0	Files on great movie	file_search	files	Files on <file_keyword> great movie </file_keyword>
0	Files on pick up luca	file_search	files	Files on <file_keyword> pick up luca </file_keyword>
0	Files on go to a movie	file_search	files	Files on <file_keyword> go to a movie </file_keyword>
0	Files on brian ' s doctor ' s appointment	file_search	files	Files on <file_keyword> brian ' s doctor ' s appointment </file_keyword>
0	Files on visit the doctor	file_search	files	Files on <file_keyword> visit the doctor </file_keyword>
0	Files on prayer space	file_search	files	Files on <file_keyword> prayer space </file_keyword>
0	Files on talking lens production work	file_search	files	Files on <file_keyword> talking lens production work </file_keyword>
0	Files on animal shelter visit	file_search	files	Files on <file_keyword> animal shelter visit </file_keyword>
0	Files on prayer space	file_search	files	Files on <file_keyword> prayer space </file_keyword>
0	Files on good fest	file_search	files	Files on <file_keyword> good fest </file_keyword>
0	Files on glade	file_search	files	Files on <file_keyword> glade </file_keyword>
0	Files on lunch with joe	file_search	files	Files on <file_keyword> lunch with joe </file_keyword>
0	Files on spin-fit	file_search	files	Files on <file_keyword> spin-fit </file_keyword>
0	Files on family fishing trip	file_search	files	Files on <file_keyword> family fishing trip </file_keyword>
0	Files on doctor lewis	file_search	files	Files on <file_keyword> doctor lewis </file_keyword>
0	Files on bring records from new york city	file_search	files	Files on <file_keyword> bring records from new york city </file_keyword>
0	Files on postal service	file_search	files	Files on <file_keyword> postal service </file_keyword>
0	Files on tennis game	file_search	files	Files on <file_keyword> tennis game </file_keyword>
0	Files on make arrangements for the party	file_search	files	Files on <file_keyword> make arrangements for the party </file_keyword>
0	Files on get my hair did	file_search	files	Files on <file_keyword> get my hair did </file_keyword>
0	Files on mom get to town	file_search	files	Files on <file_keyword> mom get to town </file_keyword>
0	Files on hand soap	file_search	files	Files on <file_keyword> hand soap </file_keyword>
0	Files on doctor phil	file_search	files	Files on <file_keyword> doctor phil </file_keyword>
0	Files on birthday party for chris	file_search	files	Files on <file_keyword> birthday party for chris </file_keyword>
0	Files on barbecue at holly ' s	file_search	files	Files on <file_keyword> barbecue at holly ' s </file_keyword>
0	Files on next week ' s meeting	file_search	files	Files on <file_keyword> next week ' s meeting </file_keyword>
0	Files on matilda	file_search	files	Files on <file_keyword> matilda </file_keyword>
0	Files on pradip on vacation	file_search	files	Files on <file_keyword> pradip on vacation </file_keyword>
0	Files on t . m . i .	file_search	files	Files on <file_keyword> t . m . i . </file_keyword>
0	Files on sam's club shopping	file_search	files	Files on <file_keyword> sam's club shopping </file_keyword>
0	Files on go to the gym	file_search	files	Files on <file_keyword> go to the gym </file_keyword>
0	Files on school team training	file_search	files	Files on <file_keyword> school team training </file_keyword>
0	Files on dinner for christmas	file_search	files	Files on <file_keyword> dinner for christmas </file_keyword>
0	Files on postal service	file_search	files	Files on <file_keyword> postal service </file_keyword>
0	Files on appointments	file_search	files	Files on <file_keyword> appointments </file_keyword>
0	Files on coursework portfolio	file_search	files	Files on <file_keyword> coursework portfolio </file_keyword>
0	Files on picture appointment	file_search	files	Files on <file_keyword> picture appointment </file_keyword>
0	Files on yurt camping	file_search	files	Files on <file_keyword> yurt camping </file_keyword>
0	Files on math hoemwork	file_search	files	Files on <file_keyword> math hoemwork </file_keyword>
0	Files on guitar lessons	file_search	files	Files on <file_keyword> guitar lessons </file_keyword>
0	Files on dateline	file_search	files	Files on <file_keyword> dateline </file_keyword>
0	Files on matilda	file_search	files	Files on <file_keyword> matilda </file_keyword>
