0		ushikusa hajika's excel files shared with TOushikusa hajika	file_search
0		decles loczi choong-sik shaafar's spec files shared with TOdecles loczi choong-sik shaafar	file_search
0		lamee shaafar yini leray's mpt files shared with TOlamee shaafar yini leray	file_search
0		pattle maucourent uschalt's tsv files shared with TOpattle maucourent uschalt	file_search
0		calcetines yavasca's deck files shared with TOcalcetines yavasca	file_search
0		hiroake spitulski's vstm files shared with TOhiroake spitulski	file_search
0		dodret babyy andstedt's pptx files shared with TOdodret babyy andstedt	file_search
0		gaebeler motomby's Docx files shared with TOgaebeler motomby	file_search
0		kellermyer auffenanger grosswang's vsdm files shared with TOkellermyer auffenanger grosswang	file_search
0		sickelmore aycilma's ppt files shared with TOsickelmore aycilma	file_search
0		kounio manucharyan neigum valkeasuo's OneNote files shared with TOkounio manucharyan neigum valkeasuo	file_search
0		chillfreez rejholdova andorc's ics files shared with TOchillfreez rejholdova andorc	file_search
0		maucourent noll zanata manucharyan's onenotes files shared with TOmaucourent noll zanata manucharyan	file_search
0		boettner entaku keskiaho's vss files shared with TOboettner entaku keskiaho	file_search
0		kotasoff kalenov nesverova v.eshwaraiah's vstx files shared with TOkotasoff kalenov nesverova v.eshwaraiah	file_search
0		dennih garbea hedentorp erdim's vsd files shared with TOdennih garbea hedentorp erdim	file_search
0		pracaic itsumaro's presentations files shared with TOpracaic itsumaro	file_search
0		hajika noll's power point files shared with TOhajika noll	file_search
0		cavazzano's word files shared with TOcavazzano	file_search
0		zagoritis's vss files shared with TOzagoritis	file_search
0		kalenov maucourent sweetenburg's PDF files shared with TOkalenov maucourent sweetenburg	file_search
0		benzon compay wilhemus ubeida's slide files shared with TObenzon compay wilhemus ubeida	file_search
0		loczi leray bernardinetti sivananda-hridayananda's csv files shared with TOloczi leray bernardinetti sivananda-hridayananda	file_search
0		conchobair waidou borcoman charveron's vsdx files shared with TOconchobair waidou borcoman charveron	file_search
0		compay rejholdova nevitt's vsd files shared with TOcompay rejholdova nevitt	file_search
0		ausborn's powerpoints files shared with TOausborn	file_search
0		szakacs grosswang motomby's jpeg files shared with TOszakacs grosswang motomby	file_search
0		versnel vedress waldrope's png files shared with TOversnel vedress waldrope	file_search
0		lamee's mpt files shared with TOlamee	file_search
0		minamihira manucharyan torzulli's deck files shared with TOminamihira manucharyan torzulli	file_search
0		kawn-gu cavazzano kounio lunguliac's spreadsheet files shared with TOkawn-gu cavazzano kounio lunguliac	file_search
0		syrnyk zanata's msg files shared with TOsyrnyk zanata	file_search
0		maeueler ganche malone-france houtappel's presentations files shared with TOmaeueler ganche malone-france houtappel	file_search
0		phineas dennih anthresh's vss files shared with TOphineas dennih anthresh	file_search
0		sechin kounio sanehide's workbook files shared with TOsechin kounio sanehide	file_search
0		noll garbea piranesi's excel files shared with TOnoll garbea piranesi	file_search
0		penochet aycilma sickelmore kounio's decks files shared with TOpenochet aycilma sickelmore kounio	file_search
0		mattaku's power point files shared with TOmattaku	file_search
0		ganche scourtos calcetines constanta's power point files shared with TOganche scourtos calcetines constanta	file_search
0		aycilma's xls files shared with TOaycilma	file_search
0		wistuba sechin maeueler brintzinger's notebooks files shared with TOwistuba sechin maeueler brintzinger	file_search
0		charveron callejas-deshon ausborn bandinelli's vssx files shared with TOcharveron callejas-deshon ausborn bandinelli	file_search
0		yokonosuke's vdw files shared with TOyokonosuke	file_search
0		mcburnett yavasca lunski brintzinger's vdw files shared with TOmcburnett yavasca lunski brintzinger	file_search
0		cavazzano marcé's note files shared with TOcavazzano marcé	file_search
0		wistuba sechin's pdfs files shared with TOwistuba sechin	file_search
0		saleh-hanna fromenteaud's pptx files shared with TOsaleh-hanna fromenteaud	file_search
0		bottura's image files shared with TObottura	file_search
0		latouf's workbook files shared with TOlatouf	file_search
0		torrentinus thada's word files shared with TOtorrentinus thada	file_search
0		babyy kalashniroz rivada's OneNote files shared with TObabyy kalashniroz rivada	file_search
0		huhtamo zách leonova's tsv files shared with TOhuhtamo zách leonova	file_search
0		chakyar's spec files shared with TOchakyar	file_search
0		fusei's vst files shared with TOfusei	file_search
0		gaebeler decles pracaic's presentation files shared with TOgaebeler decles pracaic	file_search
0		kalenov jou fromenteaud lamee's mpp files shared with TOkalenov jou fromenteaud lamee	file_search
0		phineas's vcs files shared with TOphineas	file_search
0		latouf tarning mcburnett's presentations files shared with TOlatouf tarning mcburnett	file_search
0		torzulli's ppts files shared with TOtorzulli	file_search
0		satsunkevich kesavadasu lysinger's word files shared with TOsatsunkevich kesavadasu lysinger	file_search
0		lunski chakyar wistuba auffenanger's decks files shared with TOlunski chakyar wistuba auffenanger	file_search
0		aycilma's PDF files shared with TOaycilma	file_search
0		billy kounio's docs files shared with TObilly kounio	file_search
0		bernardinetti's vdw files shared with TObernardinetti	file_search
0		phineas's spreadsheets files shared with TOphineas	file_search
0		leray's slide files shared with TOleray	file_search
0		leray serdean gombini's deck files shared with TOleray serdean gombini	file_search
0		scourtos leray's ppt files shared with TOscourtos leray	file_search
0		motomby farahmand's ppts files shared with TOmotomby farahmand	file_search
0		sanehide's vdw files shared with TOsanehide	file_search
0		lunski calcetines zanata bottura's docx files shared with TOlunski calcetines zanata bottura	file_search
0		gombini serdean serdean saleh-hanna's vcs files shared with TOgombini serdean serdean saleh-hanna	file_search
0		satsunkevich ushikusa kotasoff's msg files shared with TOsatsunkevich ushikusa kotasoff	file_search
0		valkeasuo garbea's Docx files shared with TOvalkeasuo garbea	file_search
0		margerux kesavadasu phineas derivaz's ppts files shared with TOmargerux kesavadasu phineas derivaz	file_search
0		valkeasuo mattaku's msg files shared with TOvalkeasuo mattaku	file_search
0		wilhemus's msg files shared with TOwilhemus	file_search
0		syrnyk dodret's deck files shared with TOsyrnyk dodret	file_search
0		tamagnini's doc files shared with TOtamagnini	file_search
0		nesverova kemila stankiewicz fantouré's image files shared with TOnesverova kemila stankiewicz fantouré	file_search
0		satsunkevich's vss files shared with TOsatsunkevich	file_search
0		sivananda-hridayananda colleau essoussi's powerpoint files shared with TOsivananda-hridayananda colleau essoussi	file_search
0		sanehide billy sellan's notebooks files shared with TOsanehide billy sellan	file_search
0		anthresh's xlsx files shared with TOanthresh	file_search
0		derivaz lavikainen benatru's pdf files shared with TOderivaz lavikainen benatru	file_search
0		šuler rivada lisze's image files shared with TOšuler rivada lisze	file_search
0		hedentorp szakacs cavazzano lebel's vstx files shared with TOhedentorp szakacs cavazzano lebel	file_search
0		orecife bandinelli minamihira's vsdx files shared with TOorecife bandinelli minamihira	file_search
0		tamagnini's vsdx files shared with TOtamagnini	file_search
0		tynkovan's onenotes files shared with TOtynkovan	file_search
0		morphet capretta houtappel's jpeg files shared with TOmorphet capretta houtappel	file_search
0		benatru wistuba hijzen andorc's image files shared with TObenatru wistuba hijzen andorc	file_search
0		sweetenburg konopik khnykina-dvalishvili's pdf files shared with TOsweetenburg konopik khnykina-dvalishvili	file_search
0		zanata entaku farahmand kesavadasu's Doc files shared with TOzanata entaku farahmand kesavadasu	file_search
0		ngarmpun dodret marcé's image files shared with TOngarmpun dodret marcé	file_search
0		zanata nkishi torzulli nevitt's power point files shared with TOzanata nkishi torzulli nevitt	file_search
0		yokonosuke's excel files shared with TOyokonosuke	file_search
0		malaquin darmanin sellan's csv files shared with TOmalaquin darmanin sellan	file_search
0		hiroake's vsd files shared with TOhiroake	file_search
0		pracaic noll's xlsx files shared with TOpracaic noll	file_search
0		latouf loczi vrbljanac's decks files shared with TOlatouf loczi vrbljanac	file_search
0		leray torrentinus tzachis scourtos's vssx files shared with TOleray torrentinus tzachis scourtos	file_search
0		kounio escayol brintzinger's mpp files shared with TOkounio escayol brintzinger	file_search
0		badulescu's tsv files shared with TObadulescu	file_search
0		syrnyk lavikainen mcburnett's doc files shared with TOsyrnyk lavikainen mcburnett	file_search
0		sanehide chorovich elissondo kurasova's docx files shared with TOsanehide chorovich elissondo kurasova	file_search
0		bottura's xlsx files shared with TObottura	file_search
0		fromenteaud tsains waidou's power point files shared with TOfromenteaud tsains waidou	file_search
0		riquer noll's powerpoint files shared with TOriquer noll	file_search
0		itsumaro billy nesverova shaafar's doc files shared with TOitsumaro billy nesverova shaafar	file_search
0		maucourent torzulli wilhemus malone-france's ppt files shared with TOmaucourent torzulli wilhemus malone-france	file_search
0		gyldenstjerne houtappel khoven greifzu's vstm files shared with TOgyldenstjerne houtappel khoven greifzu	file_search
0		ngarmpun šuler waidou's powerpoints files shared with TOngarmpun šuler waidou	file_search
0		lebel hedentorp khoven's excel files shared with TOlebel hedentorp khoven	file_search
0		syrnyk auffenanger jou's word files shared with TOsyrnyk auffenanger jou	file_search
0		manucharyan heurtault penochet's decks files shared with TOmanucharyan heurtault penochet	file_search
0		maeueler hiroake's mpt files shared with TOmaeueler hiroake	file_search
0		nkishi's msg files shared with TOnkishi	file_search
0		torrentinus bernardinetti houtappel's power point files shared with TOtorrentinus bernardinetti houtappel	file_search
0		billy vedress's vst files shared with TObilly vedress	file_search
0		serdean colleau versnel's vssm files shared with TOserdean colleau versnel	file_search
0		tarning choong-sik yini unugbro's notes files shared with TOtarning choong-sik yini unugbro	file_search
0		chorovich's word files shared with TOchorovich	file_search
0		houphouet's png files shared with TOhouphouet	file_search
0		brintzinger's onenotes files shared with TObrintzinger	file_search
0		syrnyk neigum's vss files shared with TOsyrnyk neigum	file_search
0		farraher satsunkevich jou rivada's docx files shared with TOfarraher satsunkevich jou rivada	file_search
0		billy mcburnett margerux's doc files shared with TObilly mcburnett margerux	file_search
0		sickelmore's vcs files shared with TOsickelmore	file_search
0		devica's csv files shared with TOdevica	file_search
0		waldrope benzon's vdw files shared with TOwaldrope benzon	file_search
0		fantouré badulescu vedress hasmonean's excels files shared with TOfantouré badulescu vedress hasmonean	file_search
0		tsains malone-france's PDF files shared with TOtsains malone-france	file_search
0		nkishi's Doc files shared with TOnkishi	file_search
0		kurasova greifzu ralisova cavazzano's png files shared with TOkurasova greifzu ralisova cavazzano	file_search
0		pattle lamee nevitt aert's mpt files shared with TOpattle lamee nevitt aert	file_search
0		heurtault's excel files shared with TOheurtault	file_search
0		gombini's OneNote files shared with TOgombini	file_search
0		dennih benzon's tsv files shared with TOdennih benzon	file_search
0		yavasca's mpt files shared with TOyavasca	file_search
0		willatt marcé grosswang minamihira's slides files shared with TOwillatt marcé grosswang minamihira	file_search
0		nkishi's docs files shared with TOnkishi	file_search
0		syrnyk seilhymer's powerpoint files shared with TOsyrnyk seilhymer	file_search
0		loczi khnykina-dvalishvili greifzu's Doc files shared with TOloczi khnykina-dvalishvili greifzu	file_search
0		farahmand's msg files shared with TOfarahmand	file_search
0		compay nkishi garbea's powerpoint files shared with TOcompay nkishi garbea	file_search
0		thada's notebooks files shared with TOthada	file_search
0		mattaku rachetto darmanin's vssm files shared with TOmattaku rachetto darmanin	file_search
0		seilhymer ushikusa compay noll's decks files shared with TOseilhymer ushikusa compay noll	file_search
0		aert's csv files shared with TOaert	file_search
0		entaku's xls files shared with TOentaku	file_search
0		lebel gaebeler belghazouani's worksheet files shared with TOlebel gaebeler belghazouani	file_search
0		kesavadasu sweetenburg leonova yokonosuke's tsv files shared with TOkesavadasu sweetenburg leonova yokonosuke	file_search
0		maeueler piranesi borcoman riquer's image files shared with TOmaeueler piranesi borcoman riquer	file_search
0		keskiaho centaure's powerpoint files shared with TOkeskiaho centaure	file_search
0		sanehide pankrukhin kotasoff's vss files shared with TOsanehide pankrukhin kotasoff	file_search
0		kemila seilhymer calcetines's presentation files shared with TOkemila seilhymer calcetines	file_search
0		rachetto centaure šuler's deck files shared with TOrachetto centaure šuler	file_search
0		tresch zagoritis's png files shared with TOtresch zagoritis	file_search
0		syrnyk belghazouani dennih's vstm files shared with TOsyrnyk belghazouani dennih	file_search
0		yokonosuke kunar grosswang nadih's excels files shared with TOyokonosuke kunar grosswang nadih	file_search
0		pracaic's gif files shared with TOpracaic	file_search
0		orecife auffenanger yini's jpeg files shared with TOorecife auffenanger yini	file_search
0		stankiewicz escayol's tsv files shared with TOstankiewicz escayol	file_search
0		kalashniroz's spec files shared with TOkalashniroz	file_search
0		noll keskiaho konopik's spec files shared with TOnoll keskiaho konopik	file_search
0		gombini babyy nevitt's vcs files shared with TOgombini babyy nevitt	file_search
0		shaafar ghirlandini's vstx files shared with TOshaafar ghirlandini	file_search
0		seilhymer v.eshwaraiah's word files shared with TOseilhymer v.eshwaraiah	file_search
0		tresch uschalt's word files shared with TOtresch uschalt	file_search
0		rivada frunz?verde anthresh's Docs files shared with TOrivada frunz?verde anthresh	file_search
0		lisze dennih's word files shared with TOlisze dennih	file_search
0		hasmonean marcé zách frunz?verde's word files shared with TOhasmonean marcé zách frunz?verde	file_search
0		rivada minamihira zagoritis's tsv files shared with TOrivada minamihira zagoritis	file_search
0		ganche's Docx files shared with TOganche	file_search
0		decles's onenote files shared with TOdecles	file_search
0		hiroake malone-france centaure's Docx files shared with TOhiroake malone-france centaure	file_search
0		wilhemus entaku colleau grandolini's ppts files shared with TOwilhemus entaku colleau grandolini	file_search
0		belaúnde lavikainen ganche elissondo's power point files shared with TObelaúnde lavikainen ganche elissondo	file_search
0		mutwiri vedress decles's Doc files shared with TOmutwiri vedress decles	file_search
0		phineas's docs files shared with TOphineas	file_search
0		elissondo falkne charveron's notebooks files shared with TOelissondo falkne charveron	file_search
0		huhtamo willatt's mpp files shared with TOhuhtamo willatt	file_search
0		kalenov's mpp files shared with TOkalenov	file_search
0		escayol kunar's notes files shared with TOescayol kunar	file_search
0		zách waidou's notebooks files shared with TOzách waidou	file_search
0		ganche's vssx files shared with TOganche	file_search
0		versnel mcburnett lysinger's notes files shared with TOversnel mcburnett lysinger	file_search
0		ciriani lebel's excel files shared with TOciriani lebel	file_search
0		serdean lunski maeueler's presentation files shared with TOserdean lunski maeueler	file_search
0		ralisova falkne's note files shared with TOralisova falkne	file_search
0		choong-sik gunavardhana waldrope's pdf files shared with TOchoong-sik gunavardhana waldrope	file_search
0		ubeida maezono nadih rohlicek's ppt files shared with TOubeida maezono nadih rohlicek	file_search
0		noll's xls files shared with TOnoll	file_search
0		gaebeler cavazzano badulescu's notes files shared with TOgaebeler cavazzano badulescu	file_search
0		ganche tresch nkishi colleau's doc files shared with TOganche tresch nkishi colleau	file_search
0		kotasoff garbea's csv files shared with TOkotasoff garbea	file_search
0		calcetines cavazzano's workbook files shared with TOcalcetines cavazzano	file_search
0		boavista's docs files shared with TOboavista	file_search
0		nevitt's spec files shared with TOnevitt	file_search
0		ushikusa hajika's excel files shared with me	file_search
0		decles loczi choong-sik shaafar's spec files shared with me	file_search
0		lamee shaafar yini leray's mpt files shared with me	file_search
0		pattle maucourent uschalt's tsv files shared with me	file_search
0		calcetines yavasca's deck files shared with me	file_search
0		hiroake spitulski's vstm files shared with me	file_search
0		dodret babyy andstedt's pptx files shared with me	file_search
0		gaebeler motomby's Docx files shared with me	file_search
0		kellermyer auffenanger grosswang's vsdm files shared with me	file_search
0		sickelmore aycilma's ppt files shared with me	file_search
0		kounio manucharyan neigum valkeasuo's OneNote files shared with me	file_search
0		chillfreez rejholdova andorc's ics files shared with me	file_search
0		maucourent noll zanata manucharyan's onenotes files shared with me	file_search
0		boettner entaku keskiaho's vss files shared with me	file_search
0		kotasoff kalenov nesverova v.eshwaraiah's vstx files shared with me	file_search
0		dennih garbea hedentorp erdim's vsd files shared with me	file_search
0		pracaic itsumaro's presentations files shared with me	file_search
0		hajika noll's power point files shared with me	file_search
0		cavazzano's word files shared with me	file_search
0		zagoritis's vss files shared with me	file_search
0		kalenov maucourent sweetenburg's PDF files shared with me	file_search
0		benzon compay wilhemus ubeida's slide files shared with me	file_search
0		loczi leray bernardinetti sivananda-hridayananda's csv files shared with me	file_search
0		conchobair waidou borcoman charveron's vsdx files shared with me	file_search
0		compay rejholdova nevitt's vsd files shared with me	file_search
0		ausborn's powerpoints files shared with me	file_search
0		szakacs grosswang motomby's jpeg files shared with me	file_search
0		versnel vedress waldrope's png files shared with me	file_search
0		lamee's mpt files shared with me	file_search
0		minamihira manucharyan torzulli's deck files shared with me	file_search
0		kawn-gu cavazzano kounio lunguliac's spreadsheet files shared with me	file_search
0		syrnyk zanata's msg files shared with me	file_search
0		maeueler ganche malone-france houtappel's presentations files shared with me	file_search
0		phineas dennih anthresh's vss files shared with me	file_search
0		sechin kounio sanehide's workbook files shared with me	file_search
0		noll garbea piranesi's excel files shared with me	file_search
0		penochet aycilma sickelmore kounio's decks files shared with me	file_search
0		mattaku's power point files shared with me	file_search
0		ganche scourtos calcetines constanta's power point files shared with me	file_search
0		aycilma's xls files shared with me	file_search
0		wistuba sechin maeueler brintzinger's notebooks files shared with me	file_search
0		charveron callejas-deshon ausborn bandinelli's vssx files shared with me	file_search
0		yokonosuke's vdw files shared with me	file_search
0		mcburnett yavasca lunski brintzinger's vdw files shared with me	file_search
0		cavazzano marcé's note files shared with me	file_search
0		wistuba sechin's pdfs files shared with me	file_search
0		saleh-hanna fromenteaud's pptx files shared with me	file_search
0		bottura's image files shared with me	file_search
0		latouf's workbook files shared with me	file_search
0		torrentinus thada's word files shared with me	file_search
0		babyy kalashniroz rivada's OneNote files shared with me	file_search
0		huhtamo zách leonova's tsv files shared with me	file_search
0		chakyar's spec files shared with me	file_search
0		fusei's vst files shared with me	file_search
0		gaebeler decles pracaic's presentation files shared with me	file_search
0		kalenov jou fromenteaud lamee's mpp files shared with me	file_search
0		phineas's vcs files shared with me	file_search
0		latouf tarning mcburnett's presentations files shared with me	file_search
0		torzulli's ppts files shared with me	file_search
0		satsunkevich kesavadasu lysinger's word files shared with me	file_search
0		lunski chakyar wistuba auffenanger's decks files shared with me	file_search
0		aycilma's PDF files shared with me	file_search
0		billy kounio's docs files shared with me	file_search
0		bernardinetti's vdw files shared with me	file_search
0		phineas's spreadsheets files shared with me	file_search
0		leray's slide files shared with me	file_search
0		leray serdean gombini's deck files shared with me	file_search
0		scourtos leray's ppt files shared with me	file_search
0		motomby farahmand's ppts files shared with me	file_search
0		sanehide's vdw files shared with me	file_search
0		lunski calcetines zanata bottura's docx files shared with me	file_search
0		gombini serdean serdean saleh-hanna's vcs files shared with me	file_search
0		satsunkevich ushikusa kotasoff's msg files shared with me	file_search
0		valkeasuo garbea's Docx files shared with me	file_search
0		margerux kesavadasu phineas derivaz's ppts files shared with me	file_search
0		valkeasuo mattaku's msg files shared with me	file_search
0		wilhemus's msg files shared with me	file_search
0		syrnyk dodret's deck files shared with me	file_search
0		tamagnini's doc files shared with me	file_search
0		nesverova kemila stankiewicz fantouré's image files shared with me	file_search
0		satsunkevich's vss files shared with me	file_search
0		sivananda-hridayananda colleau essoussi's powerpoint files shared with me	file_search
0		sanehide billy sellan's notebooks files shared with me	file_search
0		anthresh's xlsx files shared with me	file_search
0		derivaz lavikainen benatru's pdf files shared with me	file_search
0		šuler rivada lisze's image files shared with me	file_search
0		hedentorp szakacs cavazzano lebel's vstx files shared with me	file_search
0		orecife bandinelli minamihira's vsdx files shared with me	file_search
0		tamagnini's vsdx files shared with me	file_search
0		tynkovan's onenotes files shared with me	file_search
0		morphet capretta houtappel's jpeg files shared with me	file_search
0		benatru wistuba hijzen andorc's image files shared with me	file_search
0		sweetenburg konopik khnykina-dvalishvili's pdf files shared with me	file_search
0		zanata entaku farahmand kesavadasu's Doc files shared with me	file_search
0		ngarmpun dodret marcé's image files shared with me	file_search
0		zanata nkishi torzulli nevitt's power point files shared with me	file_search
0		yokonosuke's excel files shared with me	file_search
0		malaquin darmanin sellan's csv files shared with me	file_search
0		hiroake's vsd files shared with me	file_search
0		pracaic noll's xlsx files shared with me	file_search
0		latouf loczi vrbljanac's decks files shared with me	file_search
0		leray torrentinus tzachis scourtos's vssx files shared with me	file_search
0		kounio escayol brintzinger's mpp files shared with me	file_search
0		badulescu's tsv files shared with me	file_search
0		syrnyk lavikainen mcburnett's doc files shared with me	file_search
0		sanehide chorovich elissondo kurasova's docx files shared with me	file_search
0		bottura's xlsx files shared with me	file_search
0		fromenteaud tsains waidou's power point files shared with me	file_search
0		riquer noll's powerpoint files shared with me	file_search
0		itsumaro billy nesverova shaafar's doc files shared with me	file_search
0		maucourent torzulli wilhemus malone-france's ppt files shared with me	file_search
0		gyldenstjerne houtappel khoven greifzu's vstm files shared with me	file_search
0		ngarmpun šuler waidou's powerpoints files shared with me	file_search
0		lebel hedentorp khoven's excel files shared with me	file_search
0		syrnyk auffenanger jou's word files shared with me	file_search
0		manucharyan heurtault penochet's decks files shared with me	file_search
0		maeueler hiroake's mpt files shared with me	file_search
0		nkishi's msg files shared with me	file_search
0		torrentinus bernardinetti houtappel's power point files shared with me	file_search
0		billy vedress's vst files shared with me	file_search
0		serdean colleau versnel's vssm files shared with me	file_search
0		tarning choong-sik yini unugbro's notes files shared with me	file_search
0		chorovich's word files shared with me	file_search
0		houphouet's png files shared with me	file_search
0		brintzinger's onenotes files shared with me	file_search
0		syrnyk neigum's vss files shared with me	file_search
0		farraher satsunkevich jou rivada's docx files shared with me	file_search
0		billy mcburnett margerux's doc files shared with me	file_search
0		sickelmore's vcs files shared with me	file_search
0		devica's csv files shared with me	file_search
0		waldrope benzon's vdw files shared with me	file_search
0		fantouré badulescu vedress hasmonean's excels files shared with me	file_search
0		tsains malone-france's PDF files shared with me	file_search
0		nkishi's Doc files shared with me	file_search
0		kurasova greifzu ralisova cavazzano's png files shared with me	file_search
0		pattle lamee nevitt aert's mpt files shared with me	file_search
0		heurtault's excel files shared with me	file_search
0		gombini's OneNote files shared with me	file_search
0		dennih benzon's tsv files shared with me	file_search
0		yavasca's mpt files shared with me	file_search
0		willatt marcé grosswang minamihira's slides files shared with me	file_search
0		nkishi's docs files shared with me	file_search
0		syrnyk seilhymer's powerpoint files shared with me	file_search
0		loczi khnykina-dvalishvili greifzu's Doc files shared with me	file_search
0		farahmand's msg files shared with me	file_search
0		compay nkishi garbea's powerpoint files shared with me	file_search
0		thada's notebooks files shared with me	file_search
0		mattaku rachetto darmanin's vssm files shared with me	file_search
0		seilhymer ushikusa compay noll's decks files shared with me	file_search
0		aert's csv files shared with me	file_search
0		entaku's xls files shared with me	file_search
0		lebel gaebeler belghazouani's worksheet files shared with me	file_search
0		kesavadasu sweetenburg leonova yokonosuke's tsv files shared with me	file_search
0		maeueler piranesi borcoman riquer's image files shared with me	file_search
0		keskiaho centaure's powerpoint files shared with me	file_search
0		sanehide pankrukhin kotasoff's vss files shared with me	file_search
0		kemila seilhymer calcetines's presentation files shared with me	file_search
0		rachetto centaure šuler's deck files shared with me	file_search
0		tresch zagoritis's png files shared with me	file_search
0		syrnyk belghazouani dennih's vstm files shared with me	file_search
0		yokonosuke kunar grosswang nadih's excels files shared with me	file_search
0		pracaic's gif files shared with me	file_search
0		orecife auffenanger yini's jpeg files shared with me	file_search
0		stankiewicz escayol's tsv files shared with me	file_search
0		kalashniroz's spec files shared with me	file_search
0		noll keskiaho konopik's spec files shared with me	file_search
0		gombini babyy nevitt's vcs files shared with me	file_search
0		shaafar ghirlandini's vstx files shared with me	file_search
0		seilhymer v.eshwaraiah's word files shared with me	file_search
0		tresch uschalt's word files shared with me	file_search
0		rivada frunz?verde anthresh's Docs files shared with me	file_search
0		lisze dennih's word files shared with me	file_search
0		hasmonean marcé zách frunz?verde's word files shared with me	file_search
0		rivada minamihira zagoritis's tsv files shared with me	file_search
0		ganche's Docx files shared with me	file_search
0		decles's onenote files shared with me	file_search
0		hiroake malone-france centaure's Docx files shared with me	file_search
0		wilhemus entaku colleau grandolini's ppts files shared with me	file_search
0		belaúnde lavikainen ganche elissondo's power point files shared with me	file_search
0		mutwiri vedress decles's Doc files shared with me	file_search
0		phineas's docs files shared with me	file_search
0		elissondo falkne charveron's notebooks files shared with me	file_search
0		huhtamo willatt's mpp files shared with me	file_search
0		kalenov's mpp files shared with me	file_search
0		escayol kunar's notes files shared with me	file_search
0		zách waidou's notebooks files shared with me	file_search
0		ganche's vssx files shared with me	file_search
0		versnel mcburnett lysinger's notes files shared with me	file_search
0		ciriani lebel's excel files shared with me	file_search
0		serdean lunski maeueler's presentation files shared with me	file_search
0		ralisova falkne's note files shared with me	file_search
0		choong-sik gunavardhana waldrope's pdf files shared with me	file_search
0		ubeida maezono nadih rohlicek's ppt files shared with me	file_search
0		noll's xls files shared with me	file_search
0		gaebeler cavazzano badulescu's notes files shared with me	file_search
0		ganche tresch nkishi colleau's doc files shared with me	file_search
0		kotasoff garbea's csv files shared with me	file_search
0		calcetines cavazzano's workbook files shared with me	file_search
0		boavista's docs files shared with me	file_search
0		nevitt's spec files shared with me	file_search
0		ushikusa hajika's excel file shared with TOushikusa hajika	file_search
0		decles loczi choong-sik shaafar's spec file shared with TOdecles loczi choong-sik shaafar	file_search
0		lamee shaafar yini leray's mpt file shared with TOlamee shaafar yini leray	file_search
0		pattle maucourent uschalt's tsv file shared with TOpattle maucourent uschalt	file_search
0		calcetines yavasca's deck file shared with TOcalcetines yavasca	file_search
0		hiroake spitulski's vstm file shared with TOhiroake spitulski	file_search
0		dodret babyy andstedt's pptx file shared with TOdodret babyy andstedt	file_search
0		gaebeler motomby's Docx file shared with TOgaebeler motomby	file_search
0		kellermyer auffenanger grosswang's vsdm file shared with TOkellermyer auffenanger grosswang	file_search
0		sickelmore aycilma's ppt file shared with TOsickelmore aycilma	file_search
0		kounio manucharyan neigum valkeasuo's OneNote file shared with TOkounio manucharyan neigum valkeasuo	file_search
0		chillfreez rejholdova andorc's ics file shared with TOchillfreez rejholdova andorc	file_search
0		maucourent noll zanata manucharyan's onenotes file shared with TOmaucourent noll zanata manucharyan	file_search
0		boettner entaku keskiaho's vss file shared with TOboettner entaku keskiaho	file_search
0		kotasoff kalenov nesverova v.eshwaraiah's vstx file shared with TOkotasoff kalenov nesverova v.eshwaraiah	file_search
0		dennih garbea hedentorp erdim's vsd file shared with TOdennih garbea hedentorp erdim	file_search
0		pracaic itsumaro's presentations file shared with TOpracaic itsumaro	file_search
0		hajika noll's power point file shared with TOhajika noll	file_search
0		cavazzano's word file shared with TOcavazzano	file_search
0		zagoritis's vss file shared with TOzagoritis	file_search
0		kalenov maucourent sweetenburg's PDF file shared with TOkalenov maucourent sweetenburg	file_search
0		benzon compay wilhemus ubeida's slide file shared with TObenzon compay wilhemus ubeida	file_search
0		loczi leray bernardinetti sivananda-hridayananda's csv file shared with TOloczi leray bernardinetti sivananda-hridayananda	file_search
0		conchobair waidou borcoman charveron's vsdx file shared with TOconchobair waidou borcoman charveron	file_search
0		compay rejholdova nevitt's vsd file shared with TOcompay rejholdova nevitt	file_search
0		ausborn's powerpoints file shared with TOausborn	file_search
0		szakacs grosswang motomby's jpeg file shared with TOszakacs grosswang motomby	file_search
0		versnel vedress waldrope's png file shared with TOversnel vedress waldrope	file_search
0		lamee's mpt file shared with TOlamee	file_search
0		minamihira manucharyan torzulli's deck file shared with TOminamihira manucharyan torzulli	file_search
0		kawn-gu cavazzano kounio lunguliac's spreadsheet file shared with TOkawn-gu cavazzano kounio lunguliac	file_search
0		syrnyk zanata's msg file shared with TOsyrnyk zanata	file_search
0		maeueler ganche malone-france houtappel's presentations file shared with TOmaeueler ganche malone-france houtappel	file_search
0		phineas dennih anthresh's vss file shared with TOphineas dennih anthresh	file_search
0		sechin kounio sanehide's workbook file shared with TOsechin kounio sanehide	file_search
0		noll garbea piranesi's excel file shared with TOnoll garbea piranesi	file_search
0		penochet aycilma sickelmore kounio's decks file shared with TOpenochet aycilma sickelmore kounio	file_search
0		mattaku's power point file shared with TOmattaku	file_search
0		ganche scourtos calcetines constanta's power point file shared with TOganche scourtos calcetines constanta	file_search
0		aycilma's xls file shared with TOaycilma	file_search
0		wistuba sechin maeueler brintzinger's notebooks file shared with TOwistuba sechin maeueler brintzinger	file_search
0		charveron callejas-deshon ausborn bandinelli's vssx file shared with TOcharveron callejas-deshon ausborn bandinelli	file_search
0		yokonosuke's vdw file shared with TOyokonosuke	file_search
0		mcburnett yavasca lunski brintzinger's vdw file shared with TOmcburnett yavasca lunski brintzinger	file_search
0		cavazzano marcé's note file shared with TOcavazzano marcé	file_search
0		wistuba sechin's pdfs file shared with TOwistuba sechin	file_search
0		saleh-hanna fromenteaud's pptx file shared with TOsaleh-hanna fromenteaud	file_search
0		bottura's image file shared with TObottura	file_search
0		latouf's workbook file shared with TOlatouf	file_search
0		torrentinus thada's word file shared with TOtorrentinus thada	file_search
0		babyy kalashniroz rivada's OneNote file shared with TObabyy kalashniroz rivada	file_search
0		huhtamo zách leonova's tsv file shared with TOhuhtamo zách leonova	file_search
0		chakyar's spec file shared with TOchakyar	file_search
0		fusei's vst file shared with TOfusei	file_search
0		gaebeler decles pracaic's presentation file shared with TOgaebeler decles pracaic	file_search
0		kalenov jou fromenteaud lamee's mpp file shared with TOkalenov jou fromenteaud lamee	file_search
0		phineas's vcs file shared with TOphineas	file_search
0		latouf tarning mcburnett's presentations file shared with TOlatouf tarning mcburnett	file_search
0		torzulli's ppts file shared with TOtorzulli	file_search
0		satsunkevich kesavadasu lysinger's word file shared with TOsatsunkevich kesavadasu lysinger	file_search
0		lunski chakyar wistuba auffenanger's decks file shared with TOlunski chakyar wistuba auffenanger	file_search
0		aycilma's PDF file shared with TOaycilma	file_search
0		billy kounio's docs file shared with TObilly kounio	file_search
0		bernardinetti's vdw file shared with TObernardinetti	file_search
0		phineas's spreadsheets file shared with TOphineas	file_search
0		leray's slide file shared with TOleray	file_search
0		leray serdean gombini's deck file shared with TOleray serdean gombini	file_search
0		scourtos leray's ppt file shared with TOscourtos leray	file_search
0		motomby farahmand's ppts file shared with TOmotomby farahmand	file_search
0		sanehide's vdw file shared with TOsanehide	file_search
0		lunski calcetines zanata bottura's docx file shared with TOlunski calcetines zanata bottura	file_search
0		gombini serdean serdean saleh-hanna's vcs file shared with TOgombini serdean serdean saleh-hanna	file_search
0		satsunkevich ushikusa kotasoff's msg file shared with TOsatsunkevich ushikusa kotasoff	file_search
0		valkeasuo garbea's Docx file shared with TOvalkeasuo garbea	file_search
0		margerux kesavadasu phineas derivaz's ppts file shared with TOmargerux kesavadasu phineas derivaz	file_search
0		valkeasuo mattaku's msg file shared with TOvalkeasuo mattaku	file_search
0		wilhemus's msg file shared with TOwilhemus	file_search
0		syrnyk dodret's deck file shared with TOsyrnyk dodret	file_search
0		tamagnini's doc file shared with TOtamagnini	file_search
0		nesverova kemila stankiewicz fantouré's image file shared with TOnesverova kemila stankiewicz fantouré	file_search
0		satsunkevich's vss file shared with TOsatsunkevich	file_search
0		sivananda-hridayananda colleau essoussi's powerpoint file shared with TOsivananda-hridayananda colleau essoussi	file_search
0		sanehide billy sellan's notebooks file shared with TOsanehide billy sellan	file_search
0		anthresh's xlsx file shared with TOanthresh	file_search
0		derivaz lavikainen benatru's pdf file shared with TOderivaz lavikainen benatru	file_search
0		šuler rivada lisze's image file shared with TOšuler rivada lisze	file_search
0		hedentorp szakacs cavazzano lebel's vstx file shared with TOhedentorp szakacs cavazzano lebel	file_search
0		orecife bandinelli minamihira's vsdx file shared with TOorecife bandinelli minamihira	file_search
0		tamagnini's vsdx file shared with TOtamagnini	file_search
0		tynkovan's onenotes file shared with TOtynkovan	file_search
0		morphet capretta houtappel's jpeg file shared with TOmorphet capretta houtappel	file_search
0		benatru wistuba hijzen andorc's image file shared with TObenatru wistuba hijzen andorc	file_search
0		sweetenburg konopik khnykina-dvalishvili's pdf file shared with TOsweetenburg konopik khnykina-dvalishvili	file_search
0		zanata entaku farahmand kesavadasu's Doc file shared with TOzanata entaku farahmand kesavadasu	file_search
0		ngarmpun dodret marcé's image file shared with TOngarmpun dodret marcé	file_search
0		zanata nkishi torzulli nevitt's power point file shared with TOzanata nkishi torzulli nevitt	file_search
0		yokonosuke's excel file shared with TOyokonosuke	file_search
0		malaquin darmanin sellan's csv file shared with TOmalaquin darmanin sellan	file_search
0		hiroake's vsd file shared with TOhiroake	file_search
0		pracaic noll's xlsx file shared with TOpracaic noll	file_search
0		latouf loczi vrbljanac's decks file shared with TOlatouf loczi vrbljanac	file_search
0		leray torrentinus tzachis scourtos's vssx file shared with TOleray torrentinus tzachis scourtos	file_search
0		kounio escayol brintzinger's mpp file shared with TOkounio escayol brintzinger	file_search
0		badulescu's tsv file shared with TObadulescu	file_search
0		syrnyk lavikainen mcburnett's doc file shared with TOsyrnyk lavikainen mcburnett	file_search
0		sanehide chorovich elissondo kurasova's docx file shared with TOsanehide chorovich elissondo kurasova	file_search
0		bottura's xlsx file shared with TObottura	file_search
0		fromenteaud tsains waidou's power point file shared with TOfromenteaud tsains waidou	file_search
0		riquer noll's powerpoint file shared with TOriquer noll	file_search
0		itsumaro billy nesverova shaafar's doc file shared with TOitsumaro billy nesverova shaafar	file_search
0		maucourent torzulli wilhemus malone-france's ppt file shared with TOmaucourent torzulli wilhemus malone-france	file_search
0		gyldenstjerne houtappel khoven greifzu's vstm file shared with TOgyldenstjerne houtappel khoven greifzu	file_search
0		ngarmpun šuler waidou's powerpoints file shared with TOngarmpun šuler waidou	file_search
0		lebel hedentorp khoven's excel file shared with TOlebel hedentorp khoven	file_search
0		syrnyk auffenanger jou's word file shared with TOsyrnyk auffenanger jou	file_search
0		manucharyan heurtault penochet's decks file shared with TOmanucharyan heurtault penochet	file_search
0		maeueler hiroake's mpt file shared with TOmaeueler hiroake	file_search
0		nkishi's msg file shared with TOnkishi	file_search
0		torrentinus bernardinetti houtappel's power point file shared with TOtorrentinus bernardinetti houtappel	file_search
0		billy vedress's vst file shared with TObilly vedress	file_search
0		serdean colleau versnel's vssm file shared with TOserdean colleau versnel	file_search
0		tarning choong-sik yini unugbro's notes file shared with TOtarning choong-sik yini unugbro	file_search
0		chorovich's word file shared with TOchorovich	file_search
0		houphouet's png file shared with TOhouphouet	file_search
0		brintzinger's onenotes file shared with TObrintzinger	file_search
0		syrnyk neigum's vss file shared with TOsyrnyk neigum	file_search
0		farraher satsunkevich jou rivada's docx file shared with TOfarraher satsunkevich jou rivada	file_search
0		billy mcburnett margerux's doc file shared with TObilly mcburnett margerux	file_search
0		sickelmore's vcs file shared with TOsickelmore	file_search
0		devica's csv file shared with TOdevica	file_search
0		waldrope benzon's vdw file shared with TOwaldrope benzon	file_search
0		fantouré badulescu vedress hasmonean's excels file shared with TOfantouré badulescu vedress hasmonean	file_search
0		tsains malone-france's PDF file shared with TOtsains malone-france	file_search
0		nkishi's Doc file shared with TOnkishi	file_search
0		kurasova greifzu ralisova cavazzano's png file shared with TOkurasova greifzu ralisova cavazzano	file_search
0		pattle lamee nevitt aert's mpt file shared with TOpattle lamee nevitt aert	file_search
0		heurtault's excel file shared with TOheurtault	file_search
0		gombini's OneNote file shared with TOgombini	file_search
0		dennih benzon's tsv file shared with TOdennih benzon	file_search
0		yavasca's mpt file shared with TOyavasca	file_search
0		willatt marcé grosswang minamihira's slides file shared with TOwillatt marcé grosswang minamihira	file_search
0		nkishi's docs file shared with TOnkishi	file_search
0		syrnyk seilhymer's powerpoint file shared with TOsyrnyk seilhymer	file_search
0		loczi khnykina-dvalishvili greifzu's Doc file shared with TOloczi khnykina-dvalishvili greifzu	file_search
0		farahmand's msg file shared with TOfarahmand	file_search
0		compay nkishi garbea's powerpoint file shared with TOcompay nkishi garbea	file_search
0		thada's notebooks file shared with TOthada	file_search
0		mattaku rachetto darmanin's vssm file shared with TOmattaku rachetto darmanin	file_search
0		seilhymer ushikusa compay noll's decks file shared with TOseilhymer ushikusa compay noll	file_search
0		aert's csv file shared with TOaert	file_search
0		entaku's xls file shared with TOentaku	file_search
0		lebel gaebeler belghazouani's worksheet file shared with TOlebel gaebeler belghazouani	file_search
0		kesavadasu sweetenburg leonova yokonosuke's tsv file shared with TOkesavadasu sweetenburg leonova yokonosuke	file_search
0		maeueler piranesi borcoman riquer's image file shared with TOmaeueler piranesi borcoman riquer	file_search
0		keskiaho centaure's powerpoint file shared with TOkeskiaho centaure	file_search
0		sanehide pankrukhin kotasoff's vss file shared with TOsanehide pankrukhin kotasoff	file_search
0		kemila seilhymer calcetines's presentation file shared with TOkemila seilhymer calcetines	file_search
0		rachetto centaure šuler's deck file shared with TOrachetto centaure šuler	file_search
0		tresch zagoritis's png file shared with TOtresch zagoritis	file_search
0		syrnyk belghazouani dennih's vstm file shared with TOsyrnyk belghazouani dennih	file_search
0		yokonosuke kunar grosswang nadih's excels file shared with TOyokonosuke kunar grosswang nadih	file_search
0		pracaic's gif file shared with TOpracaic	file_search
0		orecife auffenanger yini's jpeg file shared with TOorecife auffenanger yini	file_search
0		stankiewicz escayol's tsv file shared with TOstankiewicz escayol	file_search
0		kalashniroz's spec file shared with TOkalashniroz	file_search
0		noll keskiaho konopik's spec file shared with TOnoll keskiaho konopik	file_search
0		gombini babyy nevitt's vcs file shared with TOgombini babyy nevitt	file_search
0		shaafar ghirlandini's vstx file shared with TOshaafar ghirlandini	file_search
0		seilhymer v.eshwaraiah's word file shared with TOseilhymer v.eshwaraiah	file_search
0		tresch uschalt's word file shared with TOtresch uschalt	file_search
0		rivada frunz?verde anthresh's Docs file shared with TOrivada frunz?verde anthresh	file_search
0		lisze dennih's word file shared with TOlisze dennih	file_search
0		hasmonean marcé zách frunz?verde's word file shared with TOhasmonean marcé zách frunz?verde	file_search
0		rivada minamihira zagoritis's tsv file shared with TOrivada minamihira zagoritis	file_search
0		ganche's Docx file shared with TOganche	file_search
0		decles's onenote file shared with TOdecles	file_search
0		hiroake malone-france centaure's Docx file shared with TOhiroake malone-france centaure	file_search
0		wilhemus entaku colleau grandolini's ppts file shared with TOwilhemus entaku colleau grandolini	file_search
0		belaúnde lavikainen ganche elissondo's power point file shared with TObelaúnde lavikainen ganche elissondo	file_search
0		mutwiri vedress decles's Doc file shared with TOmutwiri vedress decles	file_search
0		phineas's docs file shared with TOphineas	file_search
0		elissondo falkne charveron's notebooks file shared with TOelissondo falkne charveron	file_search
0		huhtamo willatt's mpp file shared with TOhuhtamo willatt	file_search
0		kalenov's mpp file shared with TOkalenov	file_search
0		escayol kunar's notes file shared with TOescayol kunar	file_search
0		zách waidou's notebooks file shared with TOzách waidou	file_search
0		ganche's vssx file shared with TOganche	file_search
0		versnel mcburnett lysinger's notes file shared with TOversnel mcburnett lysinger	file_search
0		ciriani lebel's excel file shared with TOciriani lebel	file_search
0		serdean lunski maeueler's presentation file shared with TOserdean lunski maeueler	file_search
0		ralisova falkne's note file shared with TOralisova falkne	file_search
0		choong-sik gunavardhana waldrope's pdf file shared with TOchoong-sik gunavardhana waldrope	file_search
0		ubeida maezono nadih rohlicek's ppt file shared with TOubeida maezono nadih rohlicek	file_search
0		noll's xls file shared with TOnoll	file_search
0		gaebeler cavazzano badulescu's notes file shared with TOgaebeler cavazzano badulescu	file_search
0		ganche tresch nkishi colleau's doc file shared with TOganche tresch nkishi colleau	file_search
0		kotasoff garbea's csv file shared with TOkotasoff garbea	file_search
0		calcetines cavazzano's workbook file shared with TOcalcetines cavazzano	file_search
0		boavista's docs file shared with TOboavista	file_search
0		nevitt's spec file shared with TOnevitt	file_search
0		ushikusa hajika's excel file shared with me	file_search
0		decles loczi choong-sik shaafar's spec file shared with me	file_search
0		lamee shaafar yini leray's mpt file shared with me	file_search
0		pattle maucourent uschalt's tsv file shared with me	file_search
0		calcetines yavasca's deck file shared with me	file_search
0		hiroake spitulski's vstm file shared with me	file_search
0		dodret babyy andstedt's pptx file shared with me	file_search
0		gaebeler motomby's Docx file shared with me	file_search
0		kellermyer auffenanger grosswang's vsdm file shared with me	file_search
0		sickelmore aycilma's ppt file shared with me	file_search
0		kounio manucharyan neigum valkeasuo's OneNote file shared with me	file_search
0		chillfreez rejholdova andorc's ics file shared with me	file_search
0		maucourent noll zanata manucharyan's onenotes file shared with me	file_search
0		boettner entaku keskiaho's vss file shared with me	file_search
0		kotasoff kalenov nesverova v.eshwaraiah's vstx file shared with me	file_search
0		dennih garbea hedentorp erdim's vsd file shared with me	file_search
0		pracaic itsumaro's presentations file shared with me	file_search
0		hajika noll's power point file shared with me	file_search
0		cavazzano's word file shared with me	file_search
0		zagoritis's vss file shared with me	file_search
0		kalenov maucourent sweetenburg's PDF file shared with me	file_search
0		benzon compay wilhemus ubeida's slide file shared with me	file_search
0		loczi leray bernardinetti sivananda-hridayananda's csv file shared with me	file_search
0		conchobair waidou borcoman charveron's vsdx file shared with me	file_search
0		compay rejholdova nevitt's vsd file shared with me	file_search
0		ausborn's powerpoints file shared with me	file_search
0		szakacs grosswang motomby's jpeg file shared with me	file_search
0		versnel vedress waldrope's png file shared with me	file_search
0		lamee's mpt file shared with me	file_search
0		minamihira manucharyan torzulli's deck file shared with me	file_search
0		kawn-gu cavazzano kounio lunguliac's spreadsheet file shared with me	file_search
0		syrnyk zanata's msg file shared with me	file_search
0		maeueler ganche malone-france houtappel's presentations file shared with me	file_search
0		phineas dennih anthresh's vss file shared with me	file_search
0		sechin kounio sanehide's workbook file shared with me	file_search
0		noll garbea piranesi's excel file shared with me	file_search
0		penochet aycilma sickelmore kounio's decks file shared with me	file_search
0		mattaku's power point file shared with me	file_search
0		ganche scourtos calcetines constanta's power point file shared with me	file_search
0		aycilma's xls file shared with me	file_search
0		wistuba sechin maeueler brintzinger's notebooks file shared with me	file_search
0		charveron callejas-deshon ausborn bandinelli's vssx file shared with me	file_search
0		yokonosuke's vdw file shared with me	file_search
0		mcburnett yavasca lunski brintzinger's vdw file shared with me	file_search
0		cavazzano marcé's note file shared with me	file_search
0		wistuba sechin's pdfs file shared with me	file_search
0		saleh-hanna fromenteaud's pptx file shared with me	file_search
0		bottura's image file shared with me	file_search
0		latouf's workbook file shared with me	file_search
0		torrentinus thada's word file shared with me	file_search
0		babyy kalashniroz rivada's OneNote file shared with me	file_search
0		huhtamo zách leonova's tsv file shared with me	file_search
0		chakyar's spec file shared with me	file_search
0		fusei's vst file shared with me	file_search
0		gaebeler decles pracaic's presentation file shared with me	file_search
0		kalenov jou fromenteaud lamee's mpp file shared with me	file_search
0		phineas's vcs file shared with me	file_search
0		latouf tarning mcburnett's presentations file shared with me	file_search
0		torzulli's ppts file shared with me	file_search
0		satsunkevich kesavadasu lysinger's word file shared with me	file_search
0		lunski chakyar wistuba auffenanger's decks file shared with me	file_search
0		aycilma's PDF file shared with me	file_search
0		billy kounio's docs file shared with me	file_search
0		bernardinetti's vdw file shared with me	file_search
0		phineas's spreadsheets file shared with me	file_search
0		leray's slide file shared with me	file_search
0		leray serdean gombini's deck file shared with me	file_search
0		scourtos leray's ppt file shared with me	file_search
0		motomby farahmand's ppts file shared with me	file_search
0		sanehide's vdw file shared with me	file_search
0		lunski calcetines zanata bottura's docx file shared with me	file_search
0		gombini serdean serdean saleh-hanna's vcs file shared with me	file_search
0		satsunkevich ushikusa kotasoff's msg file shared with me	file_search
0		valkeasuo garbea's Docx file shared with me	file_search
0		margerux kesavadasu phineas derivaz's ppts file shared with me	file_search
0		valkeasuo mattaku's msg file shared with me	file_search
0		wilhemus's msg file shared with me	file_search
0		syrnyk dodret's deck file shared with me	file_search
0		tamagnini's doc file shared with me	file_search
0		nesverova kemila stankiewicz fantouré's image file shared with me	file_search
0		satsunkevich's vss file shared with me	file_search
0		sivananda-hridayananda colleau essoussi's powerpoint file shared with me	file_search
0		sanehide billy sellan's notebooks file shared with me	file_search
0		anthresh's xlsx file shared with me	file_search
0		derivaz lavikainen benatru's pdf file shared with me	file_search
0		šuler rivada lisze's image file shared with me	file_search
0		hedentorp szakacs cavazzano lebel's vstx file shared with me	file_search
0		orecife bandinelli minamihira's vsdx file shared with me	file_search
0		tamagnini's vsdx file shared with me	file_search
0		tynkovan's onenotes file shared with me	file_search
0		morphet capretta houtappel's jpeg file shared with me	file_search
0		benatru wistuba hijzen andorc's image file shared with me	file_search
0		sweetenburg konopik khnykina-dvalishvili's pdf file shared with me	file_search
0		zanata entaku farahmand kesavadasu's Doc file shared with me	file_search
0		ngarmpun dodret marcé's image file shared with me	file_search
0		zanata nkishi torzulli nevitt's power point file shared with me	file_search
0		yokonosuke's excel file shared with me	file_search
0		malaquin darmanin sellan's csv file shared with me	file_search
0		hiroake's vsd file shared with me	file_search
0		pracaic noll's xlsx file shared with me	file_search
0		latouf loczi vrbljanac's decks file shared with me	file_search
0		leray torrentinus tzachis scourtos's vssx file shared with me	file_search
0		kounio escayol brintzinger's mpp file shared with me	file_search
0		badulescu's tsv file shared with me	file_search
0		syrnyk lavikainen mcburnett's doc file shared with me	file_search
0		sanehide chorovich elissondo kurasova's docx file shared with me	file_search
0		bottura's xlsx file shared with me	file_search
0		fromenteaud tsains waidou's power point file shared with me	file_search
0		riquer noll's powerpoint file shared with me	file_search
0		itsumaro billy nesverova shaafar's doc file shared with me	file_search
0		maucourent torzulli wilhemus malone-france's ppt file shared with me	file_search
0		gyldenstjerne houtappel khoven greifzu's vstm file shared with me	file_search
0		ngarmpun šuler waidou's powerpoints file shared with me	file_search
0		lebel hedentorp khoven's excel file shared with me	file_search
0		syrnyk auffenanger jou's word file shared with me	file_search
0		manucharyan heurtault penochet's decks file shared with me	file_search
0		maeueler hiroake's mpt file shared with me	file_search
0		nkishi's msg file shared with me	file_search
0		torrentinus bernardinetti houtappel's power point file shared with me	file_search
0		billy vedress's vst file shared with me	file_search
0		serdean colleau versnel's vssm file shared with me	file_search
0		tarning choong-sik yini unugbro's notes file shared with me	file_search
0		chorovich's word file shared with me	file_search
0		houphouet's png file shared with me	file_search
0		brintzinger's onenotes file shared with me	file_search
0		syrnyk neigum's vss file shared with me	file_search
0		farraher satsunkevich jou rivada's docx file shared with me	file_search
0		billy mcburnett margerux's doc file shared with me	file_search
0		sickelmore's vcs file shared with me	file_search
0		devica's csv file shared with me	file_search
0		waldrope benzon's vdw file shared with me	file_search
0		fantouré badulescu vedress hasmonean's excels file shared with me	file_search
0		tsains malone-france's PDF file shared with me	file_search
0		nkishi's Doc file shared with me	file_search
0		kurasova greifzu ralisova cavazzano's png file shared with me	file_search
0		pattle lamee nevitt aert's mpt file shared with me	file_search
0		heurtault's excel file shared with me	file_search
0		gombini's OneNote file shared with me	file_search
0		dennih benzon's tsv file shared with me	file_search
0		yavasca's mpt file shared with me	file_search
0		willatt marcé grosswang minamihira's slides file shared with me	file_search
0		nkishi's docs file shared with me	file_search
0		syrnyk seilhymer's powerpoint file shared with me	file_search
0		loczi khnykina-dvalishvili greifzu's Doc file shared with me	file_search
0		farahmand's msg file shared with me	file_search
0		compay nkishi garbea's powerpoint file shared with me	file_search
0		thada's notebooks file shared with me	file_search
0		mattaku rachetto darmanin's vssm file shared with me	file_search
0		seilhymer ushikusa compay noll's decks file shared with me	file_search
0		aert's csv file shared with me	file_search
0		entaku's xls file shared with me	file_search
0		lebel gaebeler belghazouani's worksheet file shared with me	file_search
0		kesavadasu sweetenburg leonova yokonosuke's tsv file shared with me	file_search
0		maeueler piranesi borcoman riquer's image file shared with me	file_search
0		keskiaho centaure's powerpoint file shared with me	file_search
0		sanehide pankrukhin kotasoff's vss file shared with me	file_search
0		kemila seilhymer calcetines's presentation file shared with me	file_search
0		rachetto centaure šuler's deck file shared with me	file_search
0		tresch zagoritis's png file shared with me	file_search
0		syrnyk belghazouani dennih's vstm file shared with me	file_search
0		yokonosuke kunar grosswang nadih's excels file shared with me	file_search
0		pracaic's gif file shared with me	file_search
0		orecife auffenanger yini's jpeg file shared with me	file_search
0		stankiewicz escayol's tsv file shared with me	file_search
0		kalashniroz's spec file shared with me	file_search
0		noll keskiaho konopik's spec file shared with me	file_search
0		gombini babyy nevitt's vcs file shared with me	file_search
0		shaafar ghirlandini's vstx file shared with me	file_search
0		seilhymer v.eshwaraiah's word file shared with me	file_search
0		tresch uschalt's word file shared with me	file_search
0		rivada frunz?verde anthresh's Docs file shared with me	file_search
0		lisze dennih's word file shared with me	file_search
0		hasmonean marcé zách frunz?verde's word file shared with me	file_search
0		rivada minamihira zagoritis's tsv file shared with me	file_search
0		ganche's Docx file shared with me	file_search
0		decles's onenote file shared with me	file_search
0		hiroake malone-france centaure's Docx file shared with me	file_search
0		wilhemus entaku colleau grandolini's ppts file shared with me	file_search
0		belaúnde lavikainen ganche elissondo's power point file shared with me	file_search
0		mutwiri vedress decles's Doc file shared with me	file_search
0		phineas's docs file shared with me	file_search
0		elissondo falkne charveron's notebooks file shared with me	file_search
0		huhtamo willatt's mpp file shared with me	file_search
0		kalenov's mpp file shared with me	file_search
0		escayol kunar's notes file shared with me	file_search
0		zách waidou's notebooks file shared with me	file_search
0		ganche's vssx file shared with me	file_search
0		versnel mcburnett lysinger's notes file shared with me	file_search
0		ciriani lebel's excel file shared with me	file_search
0		serdean lunski maeueler's presentation file shared with me	file_search
0		ralisova falkne's note file shared with me	file_search
0		choong-sik gunavardhana waldrope's pdf file shared with me	file_search
0		ubeida maezono nadih rohlicek's ppt file shared with me	file_search
0		noll's xls file shared with me	file_search
0		gaebeler cavazzano badulescu's notes file shared with me	file_search
0		ganche tresch nkishi colleau's doc file shared with me	file_search
0		kotasoff garbea's csv file shared with me	file_search
0		calcetines cavazzano's workbook file shared with me	file_search
0		boavista's docs file shared with me	file_search
0		nevitt's spec file shared with me	file_search
