0	file about get moms car from angelina huang	file_search	files	file about <file_keyword> get moms car </file_keyword> from <contact_name> angelina huang </contact_name>
0	document about doctor glock from tomomi yazawa	file_search	files	document about <file_keyword> doctor glock </file_keyword> from <contact_name> tomomi yazawa </contact_name>
0	document about blood tests from yvan-kester amaife	file_search	files	document about <file_keyword> blood tests </file_keyword> from <contact_name> yvan-kester amaife </contact_name>
0	files about appointment with doctor chan from baguyos	file_search	files	files about <file_keyword> appointment with doctor chan </file_keyword> from <contact_name> baguyos </contact_name>
0	document about items to pack from navin thadani	file_search	files	document about <file_keyword> items to pack </file_keyword> from <contact_name> navin thadani </contact_name>
0	file about check pot stickers from yvan-kester amaife	file_search	files	file about <file_keyword> check pot stickers </file_keyword> from <contact_name> yvan-kester amaife </contact_name>
0	document about diy from nisarg shah	file_search	files	document about <file_keyword> diy </file_keyword> from <contact_name> nisarg shah </contact_name>
0	documents about marketing netmeeting from walter hidalgo fuentes	file_search	files	documents about <file_keyword> marketing netmeeting </file_keyword> from <contact_name> walter hidalgo fuentes </contact_name>
0	file about items to pack from yvan-kester amaife	file_search	files	file about <file_keyword> items to pack </file_keyword> from <contact_name> yvan-kester amaife </contact_name>
0	file about diy from baguyos	file_search	files	file about <file_keyword> diy </file_keyword> from <contact_name> baguyos </contact_name>
0	document about bookmark from hamid hamraz	file_search	files	document about <file_keyword> bookmark </file_keyword> from <contact_name> hamid hamraz </contact_name>
0	documents about appointment with doctor chan from hamid hamraz	file_search	files	documents about <file_keyword> appointment with doctor chan </file_keyword> from <contact_name> hamid hamraz </contact_name>
0	documents about appointment with doctor chan from tomomi yazawa	file_search	files	documents about <file_keyword> appointment with doctor chan </file_keyword> from <contact_name> tomomi yazawa </contact_name>
0	file about moving list from shujuan	file_search	files	file about <file_keyword> moving list </file_keyword> from <contact_name> shujuan </contact_name>
0	file about E2E test results from fern	file_search	files	file about <file_keyword> E2E test results </file_keyword> from <contact_name> fern </contact_name>
0	files about reservations from renbo deng	file_search	files	files about <file_keyword> reservations </file_keyword> from <contact_name> renbo deng </contact_name>
0	files about moving list from lucy	file_search	files	files about <file_keyword> moving list </file_keyword> from <contact_name> lucy </contact_name>
0	documents about blood tests from lucy	file_search	files	documents about <file_keyword> blood tests </file_keyword> from <contact_name> lucy </contact_name>
0	file about sharon cardiology from hunt	file_search	files	file about <file_keyword> sharon cardiology </file_keyword> from <contact_name> hunt </contact_name>
0	files about record a video from yvan-kester amaife	file_search	files	files about <file_keyword> record a video </file_keyword> from <contact_name> yvan-kester amaife </contact_name>
0	documents sent from hamid hamraz to naresh donkena	file_search	files	documents <file_action> sent </file_action> from <contact_name> hamid hamraz </contact_name> to <to_contact_name> naresh donkena </to_contact_name>
0	documents sent from fern to haritha paul	file_search	files	documents <file_action> sent </file_action> from <contact_name> fern </contact_name> to <to_contact_name> haritha paul </to_contact_name>
0	file sent from rok nemec to ondeck	file_search	files	file <file_action> sent </file_action> from <contact_name> rok nemec </contact_name> to <to_contact_name> ondeck </to_contact_name>
0	files sent from renbo deng to sravan nagaraj	file_search	files	files <file_action> sent </file_action> from <contact_name> renbo deng </contact_name> to <to_contact_name> sravan nagaraj </to_contact_name>
0	file sent from baguyos to angelini	file_search	files	file <file_action> sent </file_action> from <contact_name> baguyos </contact_name> to <to_contact_name> angelini </to_contact_name>
0	file sent from tomomi yazawa to dharmeet singh	file_search	files	file <file_action> sent </file_action> from <contact_name> tomomi yazawa </contact_name> to <to_contact_name> dharmeet singh </to_contact_name>
0	files sent from angelina huang to angelini	file_search	files	files <file_action> sent </file_action> from <contact_name> angelina huang </contact_name> to <to_contact_name> angelini </to_contact_name>
0	files sent from rabet to todd davido	file_search	files	files <file_action> sent </file_action> from <contact_name> rabet </contact_name> to <to_contact_name> todd davido </to_contact_name>
0	document sent from chidiebere akwari iroha to ziva	file_search	files	document <file_action> sent </file_action> from <contact_name> chidiebere akwari iroha </contact_name> to <to_contact_name> ziva </to_contact_name>
0	document sent from lucy to espindola	file_search	files	document <file_action> sent </file_action> from <contact_name> lucy </contact_name> to <to_contact_name> espindola </to_contact_name>
0	file sent from tomomi yazawa to tanveer ahmad ansari	file_search	files	file <file_action> sent </file_action> from <contact_name> tomomi yazawa </contact_name> to <to_contact_name> tanveer ahmad ansari </to_contact_name>
0	documents sent from angelina huang to naresh donkena	file_search	files	documents <file_action> sent </file_action> from <contact_name> angelina huang </contact_name> to <to_contact_name> naresh donkena </to_contact_name>
0	document sent from charles duval to tanveer ahmad ansari	file_search	files	document <file_action> sent </file_action> from <contact_name> charles duval </contact_name> to <to_contact_name> tanveer ahmad ansari </to_contact_name>
0	files sent from angelina huang to tomik	file_search	files	files <file_action> sent </file_action> from <contact_name> angelina huang </contact_name> to <to_contact_name> tomik </to_contact_name>
0	files sent from walter hidalgo fuentes to ondeck	file_search	files	files <file_action> sent </file_action> from <contact_name> walter hidalgo fuentes </contact_name> to <to_contact_name> ondeck </to_contact_name>
0	files sent from lucy to naresh donkena	file_search	files	files <file_action> sent </file_action> from <contact_name> lucy </contact_name> to <to_contact_name> naresh donkena </to_contact_name>
0	files sent from chidiebere akwari iroha to hakki bostanci	file_search	files	files <file_action> sent </file_action> from <contact_name> chidiebere akwari iroha </contact_name> to <to_contact_name> hakki bostanci </to_contact_name>
0	documents sent from baguyos to sravan nagaraj	file_search	files	documents <file_action> sent </file_action> from <contact_name> baguyos </contact_name> to <to_contact_name> sravan nagaraj </to_contact_name>
0	document sent from charles duval to haritha paul	file_search	files	document <file_action> sent </file_action> from <contact_name> charles duval </contact_name> to <to_contact_name> haritha paul </to_contact_name>
0	file sent from walter hidalgo fuentes to dharmeet singh	file_search	files	file <file_action> sent </file_action> from <contact_name> walter hidalgo fuentes </contact_name> to <to_contact_name> dharmeet singh </to_contact_name>
0	file lucy sent to todd davido	file_search	files	file <contact_name> lucy </contact_name> <file_action> sent </file_action> to <to_contact_name> todd davido </to_contact_name>
0	documents fern sent to dharmeet singh	file_search	files	documents <contact_name> fern </contact_name> <file_action> sent </file_action> to <to_contact_name> dharmeet singh </to_contact_name>
0	document chidiebere akwari iroha sent to dharmeet singh	file_search	files	document <contact_name> chidiebere akwari iroha </contact_name> <file_action> sent </file_action> to <to_contact_name> dharmeet singh </to_contact_name>
0	files shujuan sent to shakir thowseen	file_search	files	files <contact_name> shujuan </contact_name> <file_action> sent </file_action> to <to_contact_name> shakir thowseen </to_contact_name>
0	documents hamid hamraz sent to haritha paul	file_search	files	documents <contact_name> hamid hamraz </contact_name> <file_action> sent </file_action> to <to_contact_name> haritha paul </to_contact_name>
0	documents tomomi yazawa sent to sravan nagaraj	file_search	files	documents <contact_name> tomomi yazawa </contact_name> <file_action> sent </file_action> to <to_contact_name> sravan nagaraj </to_contact_name>
0	files hamid hamraz sent to ansen huang	file_search	files	files <contact_name> hamid hamraz </contact_name> <file_action> sent </file_action> to <to_contact_name> ansen huang </to_contact_name>
0	files navin thadani sent to todd davido	file_search	files	files <contact_name> navin thadani </contact_name> <file_action> sent </file_action> to <to_contact_name> todd davido </to_contact_name>
0	files chidiebere akwari iroha sent to ondeck	file_search	files	files <contact_name> chidiebere akwari iroha </contact_name> <file_action> sent </file_action> to <to_contact_name> ondeck </to_contact_name>
0	file walter hidalgo fuentes sent to sravan nagaraj	file_search	files	file <contact_name> walter hidalgo fuentes </contact_name> <file_action> sent </file_action> to <to_contact_name> sravan nagaraj </to_contact_name>
0	file hunt sent to tomik	file_search	files	file <contact_name> hunt </contact_name> <file_action> sent </file_action> to <to_contact_name> tomik </to_contact_name>
0	files nisarg shah sent to lykke	file_search	files	files <contact_name> nisarg shah </contact_name> <file_action> sent </file_action> to <to_contact_name> lykke </to_contact_name>
0	document chidiebere akwari iroha sent to naresh donkena	file_search	files	document <contact_name> chidiebere akwari iroha </contact_name> <file_action> sent </file_action> to <to_contact_name> naresh donkena </to_contact_name>
0	document shujuan sent to ondeck	file_search	files	document <contact_name> shujuan </contact_name> <file_action> sent </file_action> to <to_contact_name> ondeck </to_contact_name>
0	documents hunt sent to espindola	file_search	files	documents <contact_name> hunt </contact_name> <file_action> sent </file_action> to <to_contact_name> espindola </to_contact_name>
0	file fern sent to dharmeet singh	file_search	files	file <contact_name> fern </contact_name> <file_action> sent </file_action> to <to_contact_name> dharmeet singh </to_contact_name>
0	files walter hidalgo fuentes sent to albert felix	file_search	files	files <contact_name> walter hidalgo fuentes </contact_name> <file_action> sent </file_action> to <to_contact_name> albert felix </to_contact_name>
0	document charles duval sent to ondeck	file_search	files	document <contact_name> charles duval </contact_name> <file_action> sent </file_action> to <to_contact_name> ondeck </to_contact_name>
0	documents chidiebere akwari iroha sent to lykke	file_search	files	documents <contact_name> chidiebere akwari iroha </contact_name> <file_action> sent </file_action> to <to_contact_name> lykke </to_contact_name>
0	document yvan-kester amaife sent to naresh donkena	file_search	files	document <contact_name> yvan-kester amaife </contact_name> <file_action> sent </file_action> to <to_contact_name> naresh donkena </to_contact_name>
0	find document from laws	file_search	files	find document from <contact_name> laws </contact_name>
0	find files from baguyos	file_search	files	find files from <contact_name> baguyos </contact_name>
0	find files from hunt	file_search	files	find files from <contact_name> hunt </contact_name>
0	find file from nisarg shah	file_search	files	find file from <contact_name> nisarg shah </contact_name>
0	find documents from charles duval	file_search	files	find documents from <contact_name> charles duval </contact_name>
0	find documents from yvan-kester amaife	file_search	files	find documents from <contact_name> yvan-kester amaife </contact_name>
0	find document from angelina huang	file_search	files	find document from <contact_name> angelina huang </contact_name>
0	find document from charles duval	file_search	files	find document from <contact_name> charles duval </contact_name>
0	find files from navin thadani	file_search	files	find files from <contact_name> navin thadani </contact_name>
0	find file from hunt	file_search	files	find file from <contact_name> hunt </contact_name>
0	find file from fern	file_search	files	find file from <contact_name> fern </contact_name>
0	find file from nisarg shah	file_search	files	find file from <contact_name> nisarg shah </contact_name>
0	find documents from baguyos	file_search	files	find documents from <contact_name> baguyos </contact_name>
0	find document from shujuan	file_search	files	find document from <contact_name> shujuan </contact_name>
0	find documents from hamid hamraz	file_search	files	find documents from <contact_name> hamid hamraz </contact_name>
0	find documents from navin thadani	file_search	files	find documents from <contact_name> navin thadani </contact_name>
0	find file from walter hidalgo fuentes	file_search	files	find file from <contact_name> walter hidalgo fuentes </contact_name>
0	find documents from laws	file_search	files	find documents from <contact_name> laws </contact_name>
0	find files from hunt	file_search	files	find files from <contact_name> hunt </contact_name>
0	find files from chidiebere akwari iroha	file_search	files	find files from <contact_name> chidiebere akwari iroha </contact_name>
0	show me my just called file named sharon cardiology file	file_search	files	show me <contact_name> my </contact_name> <file_recency> just </file_recency> <file_action> called </file_action> file named <file_name> sharon cardiology </file_name> file
0	show me my just used files named doctor glock files	file_search	files	show me <contact_name> my </contact_name> <file_recency> just </file_recency> <file_action> used </file_action> files named <file_name> doctor glock </file_name> files
0	show me my recently used document named bookmark document	file_search	files	show me <contact_name> my </contact_name> <file_recency> recently </file_recency> <file_action> used </file_action> document named <file_name> bookmark </file_name> document
0	show me my recent worked file named moving list file	file_search	files	show me <contact_name> my </contact_name> <file_recency> recent </file_recency> <file_action> worked </file_action> file named <file_name> moving list </file_name> file
0	show me my just composing file named record a video file	file_search	files	show me <contact_name> my </contact_name> <file_recency> just </file_recency> <file_action> composing </file_action> file named <file_name> record a video </file_name> file
0	show me my just rated documents named kid pick up documents	file_search	files	show me <contact_name> my </contact_name> <file_recency> just </file_recency> <file_action> rated </file_action> documents named <file_name> kid pick up </file_name> documents
0	show me my recently made file named blood tests file	file_search	files	show me <contact_name> my </contact_name> <file_recency> recently </file_recency> <file_action> made </file_action> file named <file_name> blood tests </file_name> file
0	show me my just changed file named bookmark file	file_search	files	show me <contact_name> my </contact_name> <file_recency> just </file_recency> <file_action> changed </file_action> file named <file_name> bookmark </file_name> file
0	show me my just using documents named all day event documents	file_search	files	show me <contact_name> my </contact_name> <file_recency> just </file_recency> <file_action> using </file_action> documents named <file_name> all day event </file_name> documents
0	show me my recently working files named sharon cardiology files	file_search	files	show me <contact_name> my </contact_name> <file_recency> recently </file_recency> <file_action> working </file_action> files named <file_name> sharon cardiology </file_name> files
0	show me my recently changed files named kid pick up files	file_search	files	show me <contact_name> my </contact_name> <file_recency> recently </file_recency> <file_action> changed </file_action> files named <file_name> kid pick up </file_name> files
0	show me my recently made document named blood tests document	file_search	files	show me <contact_name> my </contact_name> <file_recency> recently </file_recency> <file_action> made </file_action> document named <file_name> blood tests </file_name> document
0	show me my recently open documents named E2E test results documents	file_search	files	show me <contact_name> my </contact_name> <file_recency> recently </file_recency> <file_action> open </file_action> documents named <file_name> E2E test results </file_name> documents
0	show me my recently opened documents named record a video documents	file_search	files	show me <contact_name> my </contact_name> <file_recency> recently </file_recency> <file_action> opened </file_action> documents named <file_name> record a video </file_name> documents
0	show me my recently updated document named marketing netmeeting document	file_search	files	show me <contact_name> my </contact_name> <file_recency> recently </file_recency> <file_action> updated </file_action> document named <file_name> marketing netmeeting </file_name> document
0	show me my just morning documents named photo props documents	file_search	files	show me <contact_name> my </contact_name> <file_recency> just </file_recency> <file_action> morning </file_action> documents named <file_name> photo props </file_name> documents
0	show me my just updated document named bookmark document	file_search	files	show me <contact_name> my </contact_name> <file_recency> just </file_recency> <file_action> updated </file_action> document named <file_name> bookmark </file_name> document
0	show me my just made file named check pot stickers file	file_search	files	show me <contact_name> my </contact_name> <file_recency> just </file_recency> <file_action> made </file_action> file named <file_name> check pot stickers </file_name> file
0	show me my recently called documents named discuss new hires documents	file_search	files	show me <contact_name> my </contact_name> <file_recency> recently </file_recency> <file_action> called </file_action> documents named <file_name> discuss new hires </file_name> documents
0	show me my just worked file named get moms car file	file_search	files	show me <contact_name> my </contact_name> <file_recency> just </file_recency> <file_action> worked </file_action> file named <file_name> get moms car </file_name> file
0	find document kid pick up	file_search	files	find document <file_keyword> kid pick up </file_keyword>
0	find document photo props	file_search	files	find document <file_keyword> photo props </file_keyword>
0	find documents diy	file_search	files	find documents <file_keyword> diy </file_keyword>
0	find documents reservations	file_search	files	find documents <file_keyword> reservations </file_keyword>
0	find documents reservations	file_search	files	find documents <file_keyword> reservations </file_keyword>
0	find documents marketing netmeeting	file_search	files	find documents <file_keyword> marketing netmeeting </file_keyword>
0	find document appointment to see doctor bader	file_search	files	find document <file_keyword> appointment to see doctor bader </file_keyword>
0	find file diy	file_search	files	find file <file_keyword> diy </file_keyword>
0	find file appointment with doctor chan	file_search	files	find file <file_keyword> appointment with doctor chan </file_keyword>
0	find documents fire	file_search	files	find documents <file_keyword> fire </file_keyword>
0	find files blood tests	file_search	files	find files <file_keyword> blood tests </file_keyword>
0	find files moving list	file_search	files	find files <file_keyword> moving list </file_keyword>
0	find file check pot stickers	file_search	files	find file <file_keyword> check pot stickers </file_keyword>
0	find document bookmark	file_search	files	find document <file_keyword> bookmark </file_keyword>
0	find document appointment to see doctor bader	file_search	files	find document <file_keyword> appointment to see doctor bader </file_keyword>
0	find file record a video	file_search	files	find file <file_keyword> record a video </file_keyword>
0	find document get moms car	file_search	files	find document <file_keyword> get moms car </file_keyword>
0	find files photo props	file_search	files	find files <file_keyword> photo props </file_keyword>
0	find file discuss new hires	file_search	files	find file <file_keyword> discuss new hires </file_keyword>
0	find files get moms car	file_search	files	find files <file_keyword> get moms car </file_keyword>
0	document from hunt	file_search	files	document from <contact_name> hunt </contact_name>
0	documents from rabet	file_search	files	documents from <contact_name> rabet </contact_name>
0	documents from fern	file_search	files	documents from <contact_name> fern </contact_name>
0	file from nisarg shah	file_search	files	file from <contact_name> nisarg shah </contact_name>
0	file from bunnell	file_search	files	file from <contact_name> bunnell </contact_name>
0	documents from fern	file_search	files	documents from <contact_name> fern </contact_name>
0	files from shujuan	file_search	files	files from <contact_name> shujuan </contact_name>
0	document from hunt	file_search	files	document from <contact_name> hunt </contact_name>
0	documents from tomomi yazawa	file_search	files	documents from <contact_name> tomomi yazawa </contact_name>
0	files from rok nemec	file_search	files	files from <contact_name> rok nemec </contact_name>
0	files from rabet	file_search	files	files from <contact_name> rabet </contact_name>
0	files from hamid hamraz	file_search	files	files from <contact_name> hamid hamraz </contact_name>
0	documents from navin thadani	file_search	files	documents from <contact_name> navin thadani </contact_name>
0	files from lucy	file_search	files	files from <contact_name> lucy </contact_name>
0	documents from hunt	file_search	files	documents from <contact_name> hunt </contact_name>
0	file from hamid hamraz	file_search	files	file from <contact_name> hamid hamraz </contact_name>
0	file from rabet	file_search	files	file from <contact_name> rabet </contact_name>
0	files from angelina huang	file_search	files	files from <contact_name> angelina huang </contact_name>
0	files from rok nemec	file_search	files	files from <contact_name> rok nemec </contact_name>
0	documents from baguyos	file_search	files	documents from <contact_name> baguyos </contact_name>
