0	mpp from hijazi whythorne May 5th	file_search	files	<file_type> mpp </file_type> from <contact_name> hijazi whythorne </contact_name> <date> May 5th </date>
0	vcs from thoroddsen asham enyedi in February	file_search	files	<file_type> vcs </file_type> from <contact_name> thoroddsen asham enyedi </contact_name> <date> in February </date>
0	vsdx from bailo-lape gebali roquena last year around March	file_search	files	<file_type> vsdx </file_type> from <contact_name> bailo-lape gebali roquena </contact_name> <date> last year around March </date>
0	tsv from chataux since friday	file_search	files	<file_type> tsv </file_type> from <contact_name> chataux </contact_name> <date> since friday </date>
0	vsdx from conzalez this past year	file_search	files	<file_type> vsdx </file_type> from <contact_name> conzalez </contact_name> <date> this past year </date>
0	csv from musengeshi lemmerer last sunday	file_search	files	<file_type> csv </file_type> from <contact_name> musengeshi lemmerer </contact_name> <date> last sunday </date>
0	excels from hochschorner after july 20th	file_search	files	<file_type> excels </file_type> from <contact_name> hochschorner </contact_name> <date> after july 20th </date>
0	vss from kritsakorn naulty hochschorner July fourth	file_search	files	<file_type> vss </file_type> from <contact_name> kritsakorn naulty hochschorner </contact_name> <date> July fourth </date>
0	jpeg from manjur ovul rubijosa may 4	file_search	files	<file_type> jpeg </file_type> from <contact_name> manjur ovul rubijosa </contact_name> <date> may 4 </date>
0	image from pairot bailo-lape July fourth	file_search	files	<file_type> image </file_type> from <contact_name> pairot bailo-lape </contact_name> <date> July fourth </date>
0	presentation from sagvari whythorne after New Year's day	file_search	files	<file_type> presentation </file_type> from <contact_name> sagvari whythorne </contact_name> <date> after New Year's day </date>
0	presentations from dominec dominec delphi before 02/02	file_search	files	<file_type> presentations </file_type> from <contact_name> dominec dominec delphi </contact_name> <date> before 02/02 </date>
0	Docx from delphi tuoro sicoli end of the month	file_search	files	<file_type> Docx </file_type> from <contact_name> delphi tuoro sicoli </contact_name> <date> end of the month </date>
0	vstx from gedale december 17th	file_search	files	<file_type> vstx </file_type> from <contact_name> gedale </contact_name> <date> december 17th </date>
0	notebooks from ficociello kublai shusui since last may	file_search	files	<file_type> notebooks </file_type> from <contact_name> ficociello kublai shusui </contact_name> <date> since last may </date>
0	gif from kajos francois-fabien getzlaf october, 2013	file_search	files	<file_type> gif </file_type> from <contact_name> kajos francois-fabien getzlaf </contact_name> <date> october, 2013 </date>
0	slides from ymell gosal before 11/03	file_search	files	<file_type> slides </file_type> from <contact_name> ymell gosal </contact_name> <date> before 11/03 </date>
0	spreadsheet from puijalon since the last 3 months	file_search	files	<file_type> spreadsheet </file_type> from <contact_name> puijalon </contact_name> <date> since the last 3 months </date>
0	power point from tead lacalzada deimling June 5th 2014	file_search	files	<file_type> power point </file_type> from <contact_name> tead lacalzada deimling </contact_name> <date> June 5th 2014 </date>
0	spec from rubijosa tatartcheff sifers january	file_search	files	<file_type> spec </file_type> from <contact_name> rubijosa tatartcheff sifers </contact_name> <date> january </date>
0	file from heinsberg woelbert two thousand and thirteen	file_search	files	file from <contact_name> heinsberg woelbert </contact_name> <date> two thousand and thirteen </date>
0	file from conzalez April 16th, 2000	file_search	files	file from <contact_name> conzalez </contact_name> <date> April 16th, 2000 </date>
0	file from ji january 18th, 2014	file_search	files	file from <contact_name> ji </contact_name> <date> january 18th, 2014 </date>
0	file from leivas sakos after July 10th	file_search	files	file from <contact_name> leivas sakos </contact_name> <date> after July 10th </date>
0	file from kidawa-blonska since january	file_search	files	file from <contact_name> kidawa-blonska </contact_name> <date> since january </date>
0	file from thaila enocsson August 30th	file_search	files	file from <contact_name> thaila enocsson </contact_name> <date> August 30th </date>
0	file from johard after October 10th	file_search	files	file from <contact_name> johard </contact_name> <date> after October 10th </date>
0	file from korbonski enyedi tuoro April 2018	file_search	files	file from <contact_name> korbonski enyedi tuoro </contact_name> <date> April 2018 </date>
0	file from sparksman kajos previous tuesday	file_search	files	file from <contact_name> sparksman kajos </contact_name> <date> previous tuesday </date>
0	file from toponogov hebbar february 14th	file_search	files	file from <contact_name> toponogov hebbar </contact_name> <date> february 14th </date>
0	file from tincho h?lm?geanu pairot after September 12th	file_search	files	file from <contact_name> tincho h?lm?geanu pairot </contact_name> <date> after September 12th </date>
0	file from asabu sicoli june 2013	file_search	files	file from <contact_name> asabu sicoli </contact_name> <date> june 2013 </date>
0	file from kogayu c.q. February 3rd	file_search	files	file from <contact_name> kogayu c.q. </contact_name> <date> February 3rd </date>
0	file from farahar koranek hukovic before december 10	file_search	files	file from <contact_name> farahar koranek hukovic </contact_name> <date> before december 10 </date>
0	file from kholmski ailton June 5th	file_search	files	file from <contact_name> kholmski ailton </contact_name> <date> June 5th </date>
0	file from bodecher akinyede April 16th, 2000	file_search	files	file from <contact_name> bodecher akinyede </contact_name> <date> April 16th, 2000 </date>
0	file from oncak marvelle september	file_search	files	file from <contact_name> oncak marvelle </contact_name> <date> september </date>
0	file from duperdu march 22nd	file_search	files	file from <contact_name> duperdu </contact_name> <date> march 22nd </date>
0	file from asabu april 2015	file_search	files	file from <contact_name> asabu </contact_name> <date> april 2015 </date>
0	file from sifers kassung conzalez after July 10th	file_search	files	file from <contact_name> sifers kassung conzalez </contact_name> <date> after July 10th </date>
0	files from scott-hopkins deimling zambonini august	file_search	files	files from <contact_name> scott-hopkins deimling zambonini </contact_name> <date> august </date>
0	files from uejima April 20	file_search	files	files from <contact_name> uejima </contact_name> <date> April 20 </date>
0	files from zambonini ushirogawa sortomme 7/31/2014	file_search	files	files from <contact_name> zambonini ushirogawa sortomme </contact_name> <date> 7/31/2014 </date>
0	files from blansett in February	file_search	files	files from <contact_name> blansett </contact_name> <date> in February </date>
0	files from tincho kritsakorn akinyede september eighth	file_search	files	files from <contact_name> tincho kritsakorn akinyede </contact_name> <date> september eighth </date>
0	files from nimi harrie-jan enocsson before december 10	file_search	files	files from <contact_name> nimi harrie-jan enocsson </contact_name> <date> before december 10 </date>
0	files from hogoboom asham h?lm?geanu October 11, 2014	file_search	files	files from <contact_name> hogoboom asham h?lm?geanu </contact_name> <date> October 11, 2014 </date>
0	files from makuwa last 2 weeks	file_search	files	files from <contact_name> makuwa </contact_name> <date> last 2 weeks </date>
0	files from mikelsons before Wednesday	file_search	files	files from <contact_name> mikelsons </contact_name> <date> before Wednesday </date>
0	files from korbonski h?lm?geanu damayev 7/31/2014	file_search	files	files from <contact_name> korbonski h?lm?geanu damayev </contact_name> <date> 7/31/2014 </date>
0	files from hegarty rajwinder nimi before october 21st	file_search	files	files from <contact_name> hegarty rajwinder nimi </contact_name> <date> before october 21st </date>
0	files from koranek smales two thousand and fourteen	file_search	files	files from <contact_name> koranek smales </contact_name> <date> two thousand and fourteen </date>
0	files from oncak iachelli uejima after November 5th	file_search	files	files from <contact_name> oncak iachelli uejima </contact_name> <date> after November 5th </date>
0	files from dominec last December 2013	file_search	files	files from <contact_name> dominec </contact_name> <date> last December 2013 </date>
0	files from pateo nakens dominec june 10th	file_search	files	files from <contact_name> pateo nakens dominec </contact_name> <date> june 10th </date>
0	files from bourrec iglesia in May	file_search	files	files from <contact_name> bourrec iglesia </contact_name> <date> in May </date>
0	files from duperdu Tuesdays	file_search	files	files from <contact_name> duperdu </contact_name> <date> Tuesdays </date>
0	files from hillner sortomme july 10,2014	file_search	files	files from <contact_name> hillner sortomme </contact_name> <date> july 10,2014 </date>
0	files from zigangirov Augest 24th 2014	file_search	files	files from <contact_name> zigangirov </contact_name> <date> Augest 24th 2014 </date>
0	files from fenstermann hukovic chataux August 11, 2014	file_search	files	files from <contact_name> fenstermann hukovic chataux </contact_name> <date> August 11, 2014 </date>
