0		show comcast support with sutton-pryce	file_share
0		show dance on the twelfth with kakushin	file_share
0		show take med with nixey	file_share
0		show week nine forensic phonetics with geliot	file_share
0		show rent with tonioli	file_share
0		show take my pills with mahesan	file_share
0		show jesse practice with pechocova	file_share
0		show going to mackinaw island with coduti	file_share
0		show conference calls with gu-ja	file_share
0		show visit bright horizons with saradavara	file_share
0		show household chores with derbach	file_share
0		show going las vegas with kristoffersson	file_share
0		show appointment with nhs with seiry?	file_share
0		show rebecca s appointment with gleber	file_share
0		show find nancy a sweater with marzukki	file_share
0		show teachers with sissingh	file_share
0		show new years day party with froustier	file_share
0		show printer driver with fracassi	file_share
0		show find nancy a sweater with notkoff	file_share
0		show install vinyl cutter with mianowski	file_share
0		show tom's diner accounting with st?ni?oar?	file_share
0		show fix the green car with hatchuel	file_share
0		show hearing with lil'	file_share
0		show appointment for the vet with zidonis	file_share
0		show drum lesson with leabhart	file_share
0		show candie 's boots with krozewski	file_share
0		show tom's diner accounting with mccaman	file_share
0		show comcast support with raggs	file_share
0		show working connections with nagl	file_share
0		show the roblox with graswinckel	file_share
0		show jesse practice with nixey	file_share
0		show d . m . b . with hardjantho	file_share
0		show doctor ross with bedello	file_share
0		show miranda graduation with vadão	file_share
0		show turn in cable box with tjardus	file_share
0		show nikolas ' haircut appointment with ghebremeskel	file_share
0		show meet my mom with muermans	file_share
0		show meet with infinite healthcare with cmuchalova	file_share
0		show conference calls with cantianius	file_share
0		show meet costco with chaudary	file_share
0		show drum lesson with machijiri	file_share
0		show norwich city fixtures with giglia	file_share
0		show norwich city fixtures with lamoreux	file_share
0		show optometrist appointment for jordan with krumphansl	file_share
0		show email robert bessey with mullmann	file_share
0		show d . m . b . with kakushin	file_share
0		show mdr a house council meeting with tovarovic	file_share
0		show work from home with klingle	file_share
0		show go to class with waghmare	file_share
0		show go fuck yourself with boidda	file_share
0		show go to the play with mclarnon	file_share
0		show thirteen thirty one with shinki	file_share
0		show trip to children ' s museum with mianowski	file_share
0		show visit bright horizons with cmuchalova	file_share
0		show t25 workout with silos	file_share
0		show flight information with savir	file_share
0		show t. x. t. meeting with bonch-bruevich	file_share
0		show commotion with soltys	file_share
0		show johns confirmation with gül?ah	file_share
0		show take my pills with anokawa	file_share
0		show going to mackinaw island with geliot	file_share
0		show moms grocery list with kwakkel	file_share
0		show jesse practice with zillekens	file_share
0		show the day i lost my mum with tourte	file_share
0		show miranda graduation with kinkha	file_share
0		show canyon park inspections with sparatore	file_share
0		show airport carol with bonch-bruevich	file_share
0		show appointment for the vet with shinki	file_share
0		show rosie ' s birthday with silos	file_share
0		show show gratitude with seiry?	file_share
0		show spice list with tegland	file_share
0		show bus meeting with einrid	file_share
0		show car rental apointment with waghmare	file_share
0		show sales tax due tomorrow with pulier	file_share
0		show comminsure private hospital with calpurnianus	file_share
0		show hiring meeting with gu-ja	file_share
0		show doctor ross with ruetten	file_share
0		show optometrist appointment for jordan with gül?ah	file_share
0		show evening at lloyd with nixey	file_share
0		show candie 's boots with chiburi	file_share
0		show call dano with pearly	file_share
0		show physics exam with matveevich	file_share
0		show meeting at uni with bedello	file_share
0		show hearing with swengley	file_share
0		show johns confirmation with supple	file_share
0		show cost reduction with kikwete	file_share
0		show caravan with ruilova	file_share
0		show nikolas ' haircut appointment with rawaqa	file_share
0		show drivers license with tajuro	file_share
0		show mdr a house council meeting with tarkovski	file_share
0		show oil change on truck with ozuki	file_share
0		show drum lesson with joann	file_share
0		show physics exam with rozkovec	file_share
0		show reproduction with akinobo	file_share
0		show appointment for the vet with leabhart	file_share
0		show norwich city fixtures with tarkovski	file_share
0		show kiss shawn with birkhagen	file_share
0		show visit bright horizons with wolinska-brus	file_share
0		show hearing with soltys	file_share
0		show bell's birthday with dudov	file_share
0		show bsw appointment with sulkevich	file_share
0		show meeting at larsmont with krumphansl	file_share
0		show family birthdays with judescu	file_share
0		show drivers license with ple?aš	file_share
0		show improving self management with swengley	file_share
0		show swimming lesson at the y with shopland	file_share
0		show thomas ' game with kebaili	file_share
0		show cost reduction with viviano	file_share
0		show palio grocery list with bonch-bruevich	file_share
0		show water plants on front porch with kyuke	file_share
0		show five forty nine p with maulsby	file_share
0		show teen movie with mornino	file_share
0		show reproduction with prokhor	file_share
0		show going las vegas with sparatore	file_share
0		show maths fact with chiburi	file_share
0		show haircuts with sidenberg	file_share
0		show meeting at uni with caturani	file_share
0		show kenneth's birthday with veho	file_share
0		show marketing work with st?ni?oar?	file_share
0		show zoo with husi	file_share
0		show trio meeting with muermans	file_share
0		show new years day party with bakhoum	file_share
0		show two thirty with tovarovic	file_share
0		show kenneth's birthday with bakhoum	file_share
0		show campaign meeting with shopland	file_share
0		show new years day party with ryabsky	file_share
0		show trio meeting with planinc	file_share
0		show nail polish with cealis	file_share
0		show doctor sulta with tometich	file_share
0		show wake todd up with vanicek	file_share
0		show zoo with masterov	file_share
0		show teen movie with maurissat	file_share
0		show meet laura with vadão	file_share
0		show bus meeting with mauriat	file_share
0		show take med with mianowski	file_share
0		show jesse practice with krumphansl	file_share
0		show kids lunch grocery with lil'	file_share
0		show marketing work with alcat	file_share
0		show detox with pechocova	file_share
0		show window repair with reismuller	file_share
0		show teachers with ruilova	file_share
0		show client engineering meeting with rodosovich	file_share
0		show bike ride with tovarovic	file_share
0		show audit demo with suldovska	file_share
0		show water plants on front porch with marzukki	file_share
0		show leave sierra vista with tarkovski	file_share
0		show spy bath soap update with kristoffersson	file_share
0		show commotion with rissland	file_share
0		show free response friday with pogosski	file_share
0		show ten oh four pm with t-rob	file_share
0		show fix the green car with ple?aš	file_share
0		show check ebay listing with atmar	file_share
0		show t25 workout with leabhart	file_share
0		show email robert bessey with cmuchalova	file_share
0		show candie 's boots with ryabsky	file_share
0		show show gratitude with fainval	file_share
0		show walk the dog for sally with gül?ah	file_share
0		show science without borders with ozuki	file_share
0		show five forty nine p with herzbach	file_share
0		show submit expense account with cavanelle	file_share
0		show submit expense account with mccaman	file_share
0		show go to grandmas with cavanelle	file_share
0		show family birthdays with bakhoum	file_share
0		show beach with tarkovski	file_share
0		show dj a graduation party with cavanelle	file_share
0		show install vinyl cutter with marbray	file_share
0		show discuss an intervention with sissingh	file_share
0		show walk the dog for sally with karwan	file_share
0		show masoli gate with sukhatme	file_share
0		show reproduction with emile-felix	file_share
0		show teen movie with pogosski	file_share
0		show palio grocery list with seiry?	file_share
0		show thomas ' game with muermans	file_share
0		show leave sierra vista with austell	file_share
0		show go to grandmas with nagl	file_share
0		show teachers with st?ni?oar?	file_share
0		show window repair with honzicek	file_share
0		show meet my mom with domoszloi	file_share
0		show holiday meals with tarkovski	file_share
0		show meet my mom with stolorow	file_share
0		show commotion with herzbach	file_share
0		show rebecca s appointment with ruilova	file_share
0		show thirteen thirty one with matveevich	file_share
0		show conference calls with raggs	file_share
0		show wonderlist with scherlemer	file_share
0		show viewer with sparatore	file_share
0		show meeting the staff with dzhumadilov	file_share
0		show call aunt lydia ' s birthday with soltys	file_share
0		show teachers with marzukki	file_share
0		show pull weeds with scherlemer	file_share
0		show samantha airport clinic with laubeuf	file_share
0		show printer driver with tamra	file_share
0		show mother's pain doctor with notkoff	file_share
0		show bsw appointment with noton	file_share
0		show window repair with stolorow	file_share
0		show cost reduction with mianowski	file_share
0		show michael with the stake president with calpurnianus	file_share
0		show check ebay listing with predoias	file_share
0		show mdr a house council meeting with nagl	file_share
0		show appt for school with ryabsky	file_share
0		Show comcast support with sutton-pryce	file_share
0		Show dance on the twelfth with kakushin	file_share
0		Show take med with nixey	file_share
0		Show week nine forensic phonetics with geliot	file_share
0		Show rent with tonioli	file_share
0		Show take my pills with mahesan	file_share
0		Show jesse practice with pechocova	file_share
0		Show going to mackinaw island with coduti	file_share
0		Show conference calls with gu-ja	file_share
0		Show visit bright horizons with saradavara	file_share
0		Show household chores with derbach	file_share
0		Show going las vegas with kristoffersson	file_share
0		Show appointment with nhs with seiry?	file_share
0		Show rebecca s appointment with gleber	file_share
0		Show find nancy a sweater with marzukki	file_share
0		Show teachers with sissingh	file_share
0		Show new years day party with froustier	file_share
0		Show printer driver with fracassi	file_share
0		Show find nancy a sweater with notkoff	file_share
0		Show install vinyl cutter with mianowski	file_share
0		Show tom's diner accounting with st?ni?oar?	file_share
0		Show fix the green car with hatchuel	file_share
0		Show hearing with lil'	file_share
0		Show appointment for the vet with zidonis	file_share
0		Show drum lesson with leabhart	file_share
0		Show candie 's boots with krozewski	file_share
0		Show tom's diner accounting with mccaman	file_share
0		Show comcast support with raggs	file_share
0		Show working connections with nagl	file_share
0		Show the roblox with graswinckel	file_share
0		Show jesse practice with nixey	file_share
0		Show d . m . b . with hardjantho	file_share
0		Show doctor ross with bedello	file_share
0		Show miranda graduation with vadão	file_share
0		Show turn in cable box with tjardus	file_share
0		Show nikolas ' haircut appointment with ghebremeskel	file_share
0		Show meet my mom with muermans	file_share
0		Show meet with infinite healthcare with cmuchalova	file_share
0		Show conference calls with cantianius	file_share
0		Show meet costco with chaudary	file_share
0		Show drum lesson with machijiri	file_share
0		Show norwich city fixtures with giglia	file_share
0		Show norwich city fixtures with lamoreux	file_share
0		Show optometrist appointment for jordan with krumphansl	file_share
0		Show email robert bessey with mullmann	file_share
0		Show d . m . b . with kakushin	file_share
0		Show mdr a house council meeting with tovarovic	file_share
0		Show work from home with klingle	file_share
0		Show go to class with waghmare	file_share
0		Show go fuck yourself with boidda	file_share
0		Show go to the play with mclarnon	file_share
0		Show thirteen thirty one with shinki	file_share
0		Show trip to children ' s museum with mianowski	file_share
0		Show visit bright horizons with cmuchalova	file_share
0		Show t25 workout with silos	file_share
0		Show flight information with savir	file_share
0		Show t. x. t. meeting with bonch-bruevich	file_share
0		Show commotion with soltys	file_share
0		Show johns confirmation with gül?ah	file_share
0		Show take my pills with anokawa	file_share
0		Show going to mackinaw island with geliot	file_share
0		Show moms grocery list with kwakkel	file_share
0		Show jesse practice with zillekens	file_share
0		Show the day i lost my mum with tourte	file_share
0		Show miranda graduation with kinkha	file_share
0		Show canyon park inspections with sparatore	file_share
0		Show airport carol with bonch-bruevich	file_share
0		Show appointment for the vet with shinki	file_share
0		Show rosie ' s birthday with silos	file_share
0		Show show gratitude with seiry?	file_share
0		Show spice list with tegland	file_share
0		Show bus meeting with einrid	file_share
0		Show car rental apointment with waghmare	file_share
0		Show sales tax due tomorrow with pulier	file_share
0		Show comminsure private hospital with calpurnianus	file_share
0		Show hiring meeting with gu-ja	file_share
0		Show doctor ross with ruetten	file_share
0		Show optometrist appointment for jordan with gül?ah	file_share
0		Show evening at lloyd with nixey	file_share
0		Show candie 's boots with chiburi	file_share
0		Show call dano with pearly	file_share
0		Show physics exam with matveevich	file_share
0		Show meeting at uni with bedello	file_share
0		Show hearing with swengley	file_share
0		Show johns confirmation with supple	file_share
0		Show cost reduction with kikwete	file_share
0		Show caravan with ruilova	file_share
0		Show nikolas ' haircut appointment with rawaqa	file_share
0		Show drivers license with tajuro	file_share
0		Show mdr a house council meeting with tarkovski	file_share
0		Show oil change on truck with ozuki	file_share
0		Show drum lesson with joann	file_share
0		Show physics exam with rozkovec	file_share
0		Show reproduction with akinobo	file_share
0		Show appointment for the vet with leabhart	file_share
0		Show norwich city fixtures with tarkovski	file_share
0		Show kiss shawn with birkhagen	file_share
0		Show visit bright horizons with wolinska-brus	file_share
0		Show hearing with soltys	file_share
0		Show bell's birthday with dudov	file_share
0		Show bsw appointment with sulkevich	file_share
0		Show meeting at larsmont with krumphansl	file_share
0		Show family birthdays with judescu	file_share
0		Show drivers license with ple?aš	file_share
0		Show improving self management with swengley	file_share
0		Show swimming lesson at the y with shopland	file_share
0		Show thomas ' game with kebaili	file_share
0		Show cost reduction with viviano	file_share
0		Show palio grocery list with bonch-bruevich	file_share
0		Show water plants on front porch with kyuke	file_share
0		Show five forty nine p with maulsby	file_share
0		Show teen movie with mornino	file_share
0		Show reproduction with prokhor	file_share
0		Show going las vegas with sparatore	file_share
0		Show maths fact with chiburi	file_share
0		Show haircuts with sidenberg	file_share
0		Show meeting at uni with caturani	file_share
0		Show kenneth's birthday with veho	file_share
0		Show marketing work with st?ni?oar?	file_share
0		Show zoo with husi	file_share
0		Show trio meeting with muermans	file_share
0		Show new years day party with bakhoum	file_share
0		Show two thirty with tovarovic	file_share
0		Show kenneth's birthday with bakhoum	file_share
0		Show campaign meeting with shopland	file_share
0		Show new years day party with ryabsky	file_share
0		Show trio meeting with planinc	file_share
0		Show nail polish with cealis	file_share
0		Show doctor sulta with tometich	file_share
0		Show wake todd up with vanicek	file_share
0		Show zoo with masterov	file_share
0		Show teen movie with maurissat	file_share
0		Show meet laura with vadão	file_share
0		Show bus meeting with mauriat	file_share
0		Show take med with mianowski	file_share
0		Show jesse practice with krumphansl	file_share
0		Show kids lunch grocery with lil'	file_share
0		Show marketing work with alcat	file_share
0		Show detox with pechocova	file_share
0		Show window repair with reismuller	file_share
0		Show teachers with ruilova	file_share
0		Show client engineering meeting with rodosovich	file_share
0		Show bike ride with tovarovic	file_share
0		Show audit demo with suldovska	file_share
0		Show water plants on front porch with marzukki	file_share
0		Show leave sierra vista with tarkovski	file_share
0		Show spy bath soap update with kristoffersson	file_share
0		Show commotion with rissland	file_share
0		Show free response friday with pogosski	file_share
0		Show ten oh four pm with t-rob	file_share
0		Show fix the green car with ple?aš	file_share
0		Show check ebay listing with atmar	file_share
0		Show t25 workout with leabhart	file_share
0		Show email robert bessey with cmuchalova	file_share
0		Show candie 's boots with ryabsky	file_share
0		Show show gratitude with fainval	file_share
0		Show walk the dog for sally with gül?ah	file_share
0		Show science without borders with ozuki	file_share
0		Show five forty nine p with herzbach	file_share
0		Show submit expense account with cavanelle	file_share
0		Show submit expense account with mccaman	file_share
0		Show go to grandmas with cavanelle	file_share
0		Show family birthdays with bakhoum	file_share
0		Show beach with tarkovski	file_share
0		Show dj a graduation party with cavanelle	file_share
0		Show install vinyl cutter with marbray	file_share
0		Show discuss an intervention with sissingh	file_share
0		Show walk the dog for sally with karwan	file_share
0		Show masoli gate with sukhatme	file_share
0		Show reproduction with emile-felix	file_share
0		Show teen movie with pogosski	file_share
0		Show palio grocery list with seiry?	file_share
0		Show thomas ' game with muermans	file_share
0		Show leave sierra vista with austell	file_share
0		Show go to grandmas with nagl	file_share
0		Show teachers with st?ni?oar?	file_share
0		Show window repair with honzicek	file_share
0		Show meet my mom with domoszloi	file_share
0		Show holiday meals with tarkovski	file_share
0		Show meet my mom with stolorow	file_share
0		Show commotion with herzbach	file_share
0		Show rebecca s appointment with ruilova	file_share
0		Show thirteen thirty one with matveevich	file_share
0		Show conference calls with raggs	file_share
0		Show wonderlist with scherlemer	file_share
0		Show viewer with sparatore	file_share
0		Show meeting the staff with dzhumadilov	file_share
0		Show call aunt lydia ' s birthday with soltys	file_share
0		Show teachers with marzukki	file_share
0		Show pull weeds with scherlemer	file_share
0		Show samantha airport clinic with laubeuf	file_share
0		Show printer driver with tamra	file_share
0		Show mother's pain doctor with notkoff	file_share
0		Show bsw appointment with noton	file_share
0		Show window repair with stolorow	file_share
0		Show cost reduction with mianowski	file_share
0		Show michael with the stake president with calpurnianus	file_share
0		Show check ebay listing with predoias	file_share
0		Show mdr a house council meeting with nagl	file_share
0		Show appt for school with ryabsky	file_share
0		Show this file with sutton-pryce	file_share
0		Show this file with domoszloi	file_share
0		Show this file with kakushin	file_share
0		Show this file with fluur	file_share
0		Show this file with nixey	file_share
0		Show this file with chimid	file_share
0		Show this file with geliot	file_share
0		Show this file with rytila	file_share
0		Show this file with tonioli	file_share
0		Show this file with rubackyte	file_share
0		Show this file with mahesan	file_share
0		Show this file with muermans	file_share
0		Show this file with pechocova	file_share
0		Show this file with tonioli	file_share
0		Show this file with coduti	file_share
0		Show this file with cavanelle	file_share
0		Show this file with gu-ja	file_share
0		Show this file with wolinska-brus	file_share
0		Show this file with saradavara	file_share
0		Show this file with hardjantho	file_share
0		Show this file with derbach	file_share
0		Show this file with masterov	file_share
0		Show this file with kristoffersson	file_share
0		Show this file with cealis	file_share
0		Show this file with seiry?	file_share
0		Show this file with mornino	file_share
0		Show this file with gleber	file_share
0		Show this file with gu-ja	file_share
0		Show this file with marzukki	file_share
0		Show this file with melitsa	file_share
0		Show this file with sissingh	file_share
0		Show this file with elagin	file_share
0		Show this file with froustier	file_share
0		Show this file with aranduy	file_share
0		Show this file with fracassi	file_share
0		Show this file with reismuller	file_share
0		Show this file with notkoff	file_share
0		Show this file with melitsa	file_share
0		Show this file with mianowski	file_share
0		Show this file with einrid	file_share
0		Show this file with st?ni?oar?	file_share
0		Show this file with amio	file_share
0		Show this file with hatchuel	file_share
0		Show this file with judescu	file_share
0		Show this file with lil'	file_share
0		Show this file with kuromitsu	file_share
0		Show this file with zidonis	file_share
0		Show this file with krozewski	file_share
0		Show this file with leabhart	file_share
0		Show this file with stolorow	file_share
0		Show this file with krozewski	file_share
0		Show this file with tarkovski	file_share
0		Show this file with mccaman	file_share
0		Show this file with amio	file_share
0		Show this file with raggs	file_share
0		Show this file with domoszloi	file_share
0		Show this file with nagl	file_share
0		Show this file with caturani	file_share
0		Show this file with graswinckel	file_share
0		Show this file with ivanik	file_share
0		Show this file with nixey	file_share
0		Show this file with tonioli	file_share
0		Show this file with hardjantho	file_share
0		Show this file with joann	file_share
0		Show this file with bedello	file_share
0		Show this file with mccaman	file_share
0		Show this file with vadão	file_share
0		Show this file with kebaili	file_share
0		Show this file with tjardus	file_share
0		Show this file with liwayway	file_share
0		Show this file with ghebremeskel	file_share
0		Show this file with chefetz	file_share
0		Show this file with muermans	file_share
0		Show this file with austell	file_share
0		Show this file with cmuchalova	file_share
0		Show this file with laubeuf	file_share
0		Show this file with cantianius	file_share
0		Show this file with wolinska-brus	file_share
0		Show this file with chaudary	file_share
0		Show this file with moshesh	file_share
0		Show this file with machijiri	file_share
0		Show this file with stolorow	file_share
0		Show this file with giglia	file_share
0		Show this file with atmar	file_share
0		Show this file with lamoreux	file_share
0		Show this file with atmar	file_share
0		Show this file with krumphansl	file_share
0		Show this file with gleber	file_share
0		Show this file with mullmann	file_share
0		Show this file with marsiglioni	file_share
0		Show this file with kakushin	file_share
0		Show this file with joann	file_share
0		Show this file with tovarovic	file_share
0		Show this file with emile-felix	file_share
0		Show this file with klingle	file_share
0		Show this file with fiandesio	file_share
0		Show this file with waghmare	file_share
0		Show this file with mahesan	file_share
0		Show this file with boidda	file_share
0		Show this file with karwan	file_share
0		Show this file with mclarnon	file_share
0		Show this file with chiburi	file_share
0		Show this file with shinki	file_share
0		Show this file with jacobitz	file_share
0		Show this file with mianowski	file_share
0		Show this file with swengley	file_share
0		Show this file with cmuchalova	file_share
0		Show this file with hardjantho	file_share
0		Show this file with silos	file_share
0		Show this file with kristoffersson	file_share
0		Show this file with savir	file_share
0		Show this file with vadão	file_share
0		Show this file with bonch-bruevich	file_share
0		Show this file with sparatore	file_share
0		Show this file with soltys	file_share
0		Show this file with votrubec	file_share
0		Show this file with gül?ah	file_share
0		Show this file with noton	file_share
0		Show this file with anokawa	file_share
0		Show this file with muermans	file_share
0		Show this file with geliot	file_share
0		Show this file with cavanelle	file_share
0		Show this file with kwakkel	file_share
0		Show this file with calpurnianus	file_share
0		Show this file with zillekens	file_share
0		Show this file with tonioli	file_share
0		Show this file with tourte	file_share
0		Show this file with sukhatme	file_share
0		Show this file with kinkha	file_share
0		Show this file with kebaili	file_share
0		Show this file with sparatore	file_share
0		Show this file with tegland	file_share
0		Show this file with bonch-bruevich	file_share
0		Show this file with graswinckel	file_share
0		Show this file with shinki	file_share
0		Show this file with krozewski	file_share
0		Show this file with silos	file_share
0		Show this file with viviano	file_share
0		Show this file with seiry?	file_share
0		Show this file with kwakkel	file_share
0		Show this file with tegland	file_share
0		Show this file with lil'	file_share
0		Show this file with einrid	file_share
0		Show this file with ringborg	file_share
0		Show this file with waghmare	file_share
0		Show this file with lapinniemi	file_share
0		Show this file with pulier	file_share
0		Show this file with fracassi	file_share
0		Show this file with calpurnianus	file_share
0		Show this file with pechocova	file_share
0		Show this file with gu-ja	file_share
0		Show this file with vodicska	file_share
0		Show this file with ruetten	file_share
0		Show this file with mccaman	file_share
0		Show this file with gül?ah	file_share
0		Show this file with gleber	file_share
0		Show this file with nixey	file_share
0		Show this file with bransovska	file_share
0		Show this file with chiburi	file_share
0		Show this file with tarkovski	file_share
0		Show this file with pearly	file_share
0		Show this file with göta	file_share
0		Show this file with matveevich	file_share
0		Show this file with dzhumadilov	file_share
0		Show this file with bedello	file_share
0		Show this file with ple?aš	file_share
0		Show this file with swengley	file_share
0		Show this file with kuromitsu	file_share
0		Show this file with supple	file_share
0		Show this file with noton	file_share
0		Show this file with kikwete	file_share
0		Show this file with cassano	file_share
0		Show this file with ruilova	file_share
0		Show this file with machijiri	file_share
0		Show this file with rawaqa	file_share
0		Show this file with chefetz	file_share
0		Show this file with tajuro	file_share
0		Show this file with veho	file_share
0		Show this file with tarkovski	file_share
0		Show this file with emile-felix	file_share
0		Show this file with ozuki	file_share
0		Show this file with pascau	file_share
0		Show this file with joann	file_share
0		Show this file with stolorow	file_share
0		Show this file with rozkovec	file_share
0		Show this file with dzhumadilov	file_share
0		Show this file with akinobo	file_share
0		Show this file with moumini	file_share
0		Show this file with leabhart	file_share
0		Show this file with krozewski	file_share
0		Show this file with tarkovski	file_share
0		Show this file with atmar	file_share
0		Show this file with birkhagen	file_share
0		Show this file with patruti	file_share
0		Show this file with wolinska-brus	file_share
0		Show this file with hardjantho	file_share
0		Show this file with soltys	file_share
0		Show this file with kuromitsu	file_share
0		Show this file with dudov	file_share
0		Show this file with seiry?	file_share
