TurnNumber	PreviousTurnIntent	query	intent	PreviousTurnDomain	TaskFrameStatus	TaskFrameEntityStates	TaskFrameGUID	SpeechPeopleDisambiguationGrammarMatches	ConversationalContext
﻿0		Find my file called budget fy15	file_search	
﻿0		Find my file called budget fy15	file_search	
﻿0		Find my file called budget fy15	file_search	
﻿0		Find my file called budget fy15	file_search	
﻿0		Find my file called budget fy15	file_search	
﻿0		Find my file called budget fy15	file_search	
﻿0		Find my file called budget fy15	file_search	
﻿0		Find my file called budget fy15	file_search	
﻿0		Find my file called budget fy15	file_search	
﻿0		Find my file called budget fy15	file_search	
﻿0		Find my file called budget fy15	file_search	
﻿0		Find my file called budget fy15	file_search	
﻿0		Find my file called budget fy15	file_search	
﻿0		Find my file called budget fy15	file_search	
﻿0		Find my file called budget fy15	file_search	
﻿0		Find my file called budget fy15	file_search	
﻿0		Find my file called budget fy15	file_search	
﻿0		Find my file called budget fy15	file_search	
﻿0		Find my file called budget fy15	file_search	
﻿0		Find my file called budget fy15	file_search	
﻿0		Find my file called budget fy15	file_search	
﻿0		Find my file called budget fy15	file_search	
﻿0		Find my file called budget fy15	file_search	
﻿0		Find my file called budget fy15	file_search	
﻿0		Find my file called budget fy15	file_search	
﻿0		Find my file called budget fy15	file_search	
﻿0		Find my file called budget fy15	file_search	
﻿0		Find my file called budget fy15	file_search	
﻿0		Find my file called budget fy15	file_search	
﻿0		Find my file called budget fy15	file_search	
0		File Instant answers 	file_search	
0		File Instant answers 	file_search	
0		File Instant answers 	file_search	
0		File Instant answers 	file_search	
0		File Instant answers 	file_search	
0		File Instant answers 	file_search	
0		File Instant answers 	file_search	
0		File Instant answers 	file_search	
0		File Instant answers 	file_search	
0		File Instant answers 	file_search	
0		File Instant answers 	file_search	
0		File Instant answers 	file_search	
0		File Instant answers 	file_search	
0		File Instant answers 	file_search	
0		File Instant answers 	file_search	
0		File Instant answers 	file_search	
0		File Instant answers 	file_search	
0		File Instant answers 	file_search	
0		File Instant answers 	file_search	
0		File Instant answers 	file_search	
0		File Instant answers 	file_search	
0		File Instant answers 	file_search	
0		File Instant answers 	file_search	
0		File Instant answers 	file_search	
0		File Instant answers 	file_search	
0		File Instant answers 	file_search	
0		File Instant answers 	file_search	
0		File Instant answers 	file_search	
0		File Instant answers 	file_search	
0		File Instant answers 	file_search	
0		Docs on 3S architecture 	file_search	
0		Docs on 3S architecture 	file_search	
0		Docs on 3S architecture 	file_search	
0		Docs on 3S architecture 	file_search	
0		Docs on 3S architecture 	file_search	
0		Docs on 3S architecture 	file_search	
0		Docs on 3S architecture 	file_search	
0		Docs on 3S architecture 	file_search	
0		Docs on 3S architecture 	file_search	
0		Docs on 3S architecture 	file_search	
0		Docs on 3S architecture 	file_search	
0		Docs on 3S architecture 	file_search	
0		Docs on 3S architecture 	file_search	
0		Docs on 3S architecture 	file_search	
0		Docs on 3S architecture 	file_search	
0		Docs on 3S architecture 	file_search	
0		Docs on 3S architecture 	file_search	
0		Docs on 3S architecture 	file_search	
0		Docs on 3S architecture 	file_search	
0		Docs on 3S architecture 	file_search	
0		Docs on 3S architecture 	file_search	
0		Docs on 3S architecture 	file_search	
0		Docs on 3S architecture 	file_search	
0		Docs on 3S architecture 	file_search	
0		Docs on 3S architecture 	file_search	
0		Docs on 3S architecture 	file_search	
0		Docs on 3S architecture 	file_search	
0		Docs on 3S architecture 	file_search	
0		Docs on 3S architecture 	file_search	
0		Docs on 3S architecture 	file_search	
0		Decks on 3S Answer 	file_search	
0		Decks on 3S Answer 	file_search	
0		Decks on 3S Answer 	file_search	
0		Decks on 3S Answer 	file_search	
0		Decks on 3S Answer 	file_search	
0		Decks on 3S Answer 	file_search	
0		Decks on 3S Answer 	file_search	
0		Decks on 3S Answer 	file_search	
0		Decks on 3S Answer 	file_search	
0		Decks on 3S Answer 	file_search	
0		Decks on 3S Answer 	file_search	
0		Decks on 3S Answer 	file_search	
0		Decks on 3S Answer 	file_search	
0		Decks on 3S Answer 	file_search	
0		Decks on 3S Answer 	file_search	
0		Decks on 3S Answer 	file_search	
0		Decks on 3S Answer 	file_search	
0		Decks on 3S Answer 	file_search	
0		Decks on 3S Answer 	file_search	
0		Decks on 3S Answer 	file_search	
0		Decks on 3S Answer 	file_search	
0		Decks on 3S Answer 	file_search	
0		Decks on 3S Answer 	file_search	
0		Decks on 3S Answer 	file_search	
0		Decks on 3S Answer 	file_search	
0		Decks on 3S Answer 	file_search	
0		Decks on 3S Answer 	file_search	
0		Decks on 3S Answer 	file_search	
0		Decks on 3S Answer 	file_search	
0		Decks on 3S Answer 	file_search	
0		Q4 OKRs 	file_search	
0		Q4 OKRs 	file_search	
0		Q4 OKRs 	file_search	
0		Q4 OKRs 	file_search	
0		Q4 OKRs 	file_search	
0		Q4 OKRs 	file_search	
0		Q4 OKRs 	file_search	
0		Q4 OKRs 	file_search	
0		Q4 OKRs 	file_search	
0		Q4 OKRs 	file_search	
0		Q4 OKRs 	file_search	
0		Q4 OKRs 	file_search	
0		Q4 OKRs 	file_search	
0		Q4 OKRs 	file_search	
0		Q4 OKRs 	file_search	
0		Q4 OKRs 	file_search	
0		Q4 OKRs 	file_search	
0		Q4 OKRs 	file_search	
0		Q4 OKRs 	file_search	
0		Q4 OKRs 	file_search	
0		Q4 OKRs 	file_search	
0		Q4 OKRs 	file_search	
0		Q4 OKRs 	file_search	
0		Q4 OKRs 	file_search	
0		Q4 OKRs 	file_search	
0		Q4 OKRs 	file_search	
0		Q4 OKRs 	file_search	
0		Q4 OKRs 	file_search	
0		Q4 OKRs 	file_search	
0		Q4 OKRs 	file_search	
0		Tasks UX review 	file_search	
0		Tasks UX review 	file_search	
0		Tasks UX review 	file_search	
0		Tasks UX review 	file_search	
0		Tasks UX review 	file_search	
0		Tasks UX review 	file_search	
0		Tasks UX review 	file_search	
0		Tasks UX review 	file_search	
0		Tasks UX review 	file_search	
0		Tasks UX review 	file_search	
0		Tasks UX review 	file_search	
0		Tasks UX review 	file_search	
0		Tasks UX review 	file_search	
0		Tasks UX review 	file_search	
0		Tasks UX review 	file_search	
0		Tasks UX review 	file_search	
0		Tasks UX review 	file_search	
0		Tasks UX review 	file_search	
0		Tasks UX review 	file_search	
0		Tasks UX review 	file_search	
0		Tasks UX review 	file_search	
0		Tasks UX review 	file_search	
0		Tasks UX review 	file_search	
0		Tasks UX review 	file_search	
0		Tasks UX review 	file_search	
0		Tasks UX review 	file_search	
0		Tasks UX review 	file_search	
0		Tasks UX review 	file_search	
0		Tasks UX review 	file_search	
0		Tasks UX review 	file_search	
0		File answer.docx 	file_search	
0		File answer.docx 	file_search	
0		File answer.docx 	file_search	
0		File answer.docx 	file_search	
0		File answer.docx 	file_search	
0		File answer.docx 	file_search	
0		File answer.docx 	file_search	
0		File answer.docx 	file_search	
0		File answer.docx 	file_search	
0		File answer.docx 	file_search	
0		File answer.docx 	file_search	
0		File answer.docx 	file_search	
0		File answer.docx 	file_search	
0		File answer.docx 	file_search	
0		File answer.docx 	file_search	
0		File answer.docx 	file_search	
0		File answer.docx 	file_search	
0		File answer.docx 	file_search	
0		File answer.docx 	file_search	
0		File answer.docx 	file_search	
0		File answer.docx 	file_search	
0		File answer.docx 	file_search	
0		File answer.docx 	file_search	
0		File answer.docx 	file_search	
0		File answer.docx 	file_search	
0		File answer.docx 	file_search	
0		File answer.docx 	file_search	
0		File answer.docx 	file_search	
0		File answer.docx 	file_search	
0		File answer.docx 	file_search	
0		Shiproom.ppt 	file_search	
0		Shiproom.ppt 	file_search	
0		Shiproom.ppt 	file_search	
0		Shiproom.ppt 	file_search	
0		Shiproom.ppt 	file_search	
0		Shiproom.ppt 	file_search	
0		Shiproom.ppt 	file_search	
0		Shiproom.ppt 	file_search	
0		Shiproom.ppt 	file_search	
0		Shiproom.ppt 	file_search	
0		Shiproom.ppt 	file_search	
0		Shiproom.ppt 	file_search	
0		Shiproom.ppt 	file_search	
0		Shiproom.ppt 	file_search	
0		Shiproom.ppt 	file_search	
0		Shiproom.ppt 	file_search	
0		Shiproom.ppt 	file_search	
0		Shiproom.ppt 	file_search	
0		Shiproom.ppt 	file_search	
0		Shiproom.ppt 	file_search	
0		Shiproom.ppt 	file_search	
0		Shiproom.ppt 	file_search	
0		Shiproom.ppt 	file_search	
0		Shiproom.ppt 	file_search	
0		Shiproom.ppt 	file_search	
0		Shiproom.ppt 	file_search	
0		Shiproom.ppt 	file_search	
0		Shiproom.ppt 	file_search	
0		Shiproom.ppt 	file_search	
0		Shiproom.ppt 	file_search	
0		Task UX review.ppt 	file_search	
0		Task UX review.ppt 	file_search	
0		Task UX review.ppt 	file_search	
0		Task UX review.ppt 	file_search	
0		Task UX review.ppt 	file_search	
0		Task UX review.ppt 	file_search	
0		Task UX review.ppt 	file_search	
0		Task UX review.ppt 	file_search	
0		Task UX review.ppt 	file_search	
0		Task UX review.ppt 	file_search	
0		Task UX review.ppt 	file_search	
0		Task UX review.ppt 	file_search	
0		Task UX review.ppt 	file_search	
0		Task UX review.ppt 	file_search	
0		Task UX review.ppt 	file_search	
0		Task UX review.ppt 	file_search	
0		Task UX review.ppt 	file_search	
0		Task UX review.ppt 	file_search	
0		Task UX review.ppt 	file_search	
0		Task UX review.ppt 	file_search	
0		Task UX review.ppt 	file_search	
0		Task UX review.ppt 	file_search	
0		Task UX review.ppt 	file_search	
0		Task UX review.ppt 	file_search	
0		Task UX review.ppt 	file_search	
0		Task UX review.ppt 	file_search	
0		Task UX review.ppt 	file_search	
0		Task UX review.ppt 	file_search	
0		Task UX review.ppt 	file_search	
0		Task UX review.ppt 	file_search	
0		Task UX review edited by VivekSh 	file_search	
0		Task UX review edited by VivekSh 	file_search	
0		Task UX review edited by VivekSh 	file_search	
0		Task UX review edited by VivekSh 	file_search	
0		Task UX review edited by VivekSh 	file_search	
0		Task UX review edited by VivekSh 	file_search	
0		Task UX review edited by VivekSh 	file_search	
0		Task UX review edited by VivekSh 	file_search	
0		Task UX review edited by VivekSh 	file_search	
0		Task UX review edited by VivekSh 	file_search	
0		Task UX review edited by VivekSh 	file_search	
0		Task UX review edited by VivekSh 	file_search	
0		Task UX review edited by VivekSh 	file_search	
0		Task UX review edited by VivekSh 	file_search	
0		Task UX review edited by VivekSh 	file_search	
0		Task UX review edited by VivekSh 	file_search	
0		Task UX review edited by VivekSh 	file_search	
0		Task UX review edited by VivekSh 	file_search	
0		Task UX review edited by VivekSh 	file_search	
0		Task UX review edited by VivekSh 	file_search	
0		Task UX review edited by VivekSh 	file_search	
0		Task UX review edited by VivekSh 	file_search	
0		Task UX review edited by VivekSh 	file_search	
0		Task UX review edited by VivekSh 	file_search	
0		Task UX review edited by VivekSh 	file_search	
0		Task UX review edited by VivekSh 	file_search	
0		Task UX review edited by VivekSh 	file_search	
0		Task UX review edited by VivekSh 	file_search	
0		Task UX review edited by VivekSh 	file_search	
0		Task UX review edited by VivekSh 	file_search	
0		File Answers shared by JGeorge 	file_search	
0		File Answers shared by JGeorge 	file_search	
0		File Answers shared by JGeorge 	file_search	
0		File Answers shared by JGeorge 	file_search	
0		File Answers shared by JGeorge 	file_search	
0		File Answers shared by JGeorge 	file_search	
0		File Answers shared by JGeorge 	file_search	
0		File Answers shared by JGeorge 	file_search	
0		File Answers shared by JGeorge 	file_search	
0		File Answers shared by JGeorge 	file_search	
0		File Answers shared by JGeorge 	file_search	
0		File Answers shared by JGeorge 	file_search	
0		File Answers shared by JGeorge 	file_search	
0		File Answers shared by JGeorge 	file_search	
0		File Answers shared by JGeorge 	file_search	
0		File Answers shared by JGeorge 	file_search	
0		File Answers shared by JGeorge 	file_search	
0		File Answers shared by JGeorge 	file_search	
0		File Answers shared by JGeorge 	file_search	
0		File Answers shared by JGeorge 	file_search	
0		File Answers shared by JGeorge 	file_search	
0		File Answers shared by JGeorge 	file_search	
0		File Answers shared by JGeorge 	file_search	
0		File Answers shared by JGeorge 	file_search	
0		File Answers shared by JGeorge 	file_search	
0		File Answers shared by JGeorge 	file_search	
0		File Answers shared by JGeorge 	file_search	
0		File Answers shared by JGeorge 	file_search	
0		File Answers shared by JGeorge 	file_search	
0		File Answers shared by JGeorge 	file_search	
0		File answers presented in monthly review 	file_search	
0		File answers presented in monthly review 	file_search	
0		File answers presented in monthly review 	file_search	
0		File answers presented in monthly review 	file_search	
0		File answers presented in monthly review 	file_search	
0		File answers presented in monthly review 	file_search	
0		File answers presented in monthly review 	file_search	
0		File answers presented in monthly review 	file_search	
0		File answers presented in monthly review 	file_search	
0		File answers presented in monthly review 	file_search	
0		File answers presented in monthly review 	file_search	
0		File answers presented in monthly review 	file_search	
0		File answers presented in monthly review 	file_search	
0		File answers presented in monthly review 	file_search	
0		File answers presented in monthly review 	file_search	
0		File answers presented in monthly review 	file_search	
0		File answers presented in monthly review 	file_search	
0		File answers presented in monthly review 	file_search	
0		File answers presented in monthly review 	file_search	
0		File answers presented in monthly review 	file_search	
0		File answers presented in monthly review 	file_search	
0		File answers presented in monthly review 	file_search	
0		File answers presented in monthly review 	file_search	
0		File answers presented in monthly review 	file_search	
0		File answers presented in monthly review 	file_search	
0		File answers presented in monthly review 	file_search	
0		File answers presented in monthly review 	file_search	
0		File answers presented in monthly review 	file_search	
0		File answers presented in monthly review 	file_search	
0		File answers presented in monthly review 	file_search	
0		Task UX review shared in email 	file_search	
0		Task UX review shared in email 	file_search	
0		Task UX review shared in email 	file_search	
0		Task UX review shared in email 	file_search	
0		Task UX review shared in email 	file_search	
0		Task UX review shared in email 	file_search	
0		Task UX review shared in email 	file_search	
0		Task UX review shared in email 	file_search	
0		Task UX review shared in email 	file_search	
0		Task UX review shared in email 	file_search	
0		Task UX review shared in email 	file_search	
0		Task UX review shared in email 	file_search	
0		Task UX review shared in email 	file_search	
0		Task UX review shared in email 	file_search	
0		Task UX review shared in email 	file_search	
0		Task UX review shared in email 	file_search	
0		Task UX review shared in email 	file_search	
0		Task UX review shared in email 	file_search	
0		Task UX review shared in email 	file_search	
0		Task UX review shared in email 	file_search	
0		Task UX review shared in email 	file_search	
0		Task UX review shared in email 	file_search	
0		Task UX review shared in email 	file_search	
0		Task UX review shared in email 	file_search	
0		Task UX review shared in email 	file_search	
0		Task UX review shared in email 	file_search	
0		Task UX review shared in email 	file_search	
0		Task UX review shared in email 	file_search	
0		Task UX review shared in email 	file_search	
0		Task UX review shared in email 	file_search	
0		File answer in STCI Sharepoint 	file_search	
0		File answer in STCI Sharepoint 	file_search	
0		File answer in STCI Sharepoint 	file_search	
0		File answer in STCI Sharepoint 	file_search	
0		File answer in STCI Sharepoint 	file_search	
0		File answer in STCI Sharepoint 	file_search	
0		File answer in STCI Sharepoint 	file_search	
0		File answer in STCI Sharepoint 	file_search	
0		File answer in STCI Sharepoint 	file_search	
0		File answer in STCI Sharepoint 	file_search	
0		File answer in STCI Sharepoint 	file_search	
0		File answer in STCI Sharepoint 	file_search	
0		File answer in STCI Sharepoint 	file_search	
0		File answer in STCI Sharepoint 	file_search	
0		File answer in STCI Sharepoint 	file_search	
0		File answer in STCI Sharepoint 	file_search	
0		File answer in STCI Sharepoint 	file_search	
0		File answer in STCI Sharepoint 	file_search	
0		File answer in STCI Sharepoint 	file_search	
0		File answer in STCI Sharepoint 	file_search	
0		File answer in STCI Sharepoint 	file_search	
0		File answer in STCI Sharepoint 	file_search	
0		File answer in STCI Sharepoint 	file_search	
0		File answer in STCI Sharepoint 	file_search	
0		File answer in STCI Sharepoint 	file_search	
0		File answer in STCI Sharepoint 	file_search	
0		File answer in STCI Sharepoint 	file_search	
0		File answer in STCI Sharepoint 	file_search	
0		File answer in STCI Sharepoint 	file_search	
0		File answer in STCI Sharepoint 	file_search	
0		Excel sheet shared in shiproom 	file_search	
0		Excel sheet shared in shiproom 	file_search	
0		Excel sheet shared in shiproom 	file_search	
0		Excel sheet shared in shiproom 	file_search	
0		Excel sheet shared in shiproom 	file_search	
0		Excel sheet shared in shiproom 	file_search	
0		Excel sheet shared in shiproom 	file_search	
0		Excel sheet shared in shiproom 	file_search	
0		Excel sheet shared in shiproom 	file_search	
0		Excel sheet shared in shiproom 	file_search	
0		Excel sheet shared in shiproom 	file_search	
0		Excel sheet shared in shiproom 	file_search	
0		Excel sheet shared in shiproom 	file_search	
0		Excel sheet shared in shiproom 	file_search	
0		Excel sheet shared in shiproom 	file_search	
0		Excel sheet shared in shiproom 	file_search	
0		Excel sheet shared in shiproom 	file_search	
0		Excel sheet shared in shiproom 	file_search	
0		Excel sheet shared in shiproom 	file_search	
0		Excel sheet shared in shiproom 	file_search	
0		Excel sheet shared in shiproom 	file_search	
0		Excel sheet shared in shiproom 	file_search	
0		Excel sheet shared in shiproom 	file_search	
0		Excel sheet shared in shiproom 	file_search	
0		Excel sheet shared in shiproom 	file_search	
0		Excel sheet shared in shiproom 	file_search	
0		Excel sheet shared in shiproom 	file_search	
0		Excel sheet shared in shiproom 	file_search	
0		Excel sheet shared in shiproom 	file_search	
0		Excel sheet shared in shiproom 	file_search	
0		Doc discussed in LT Review 	file_search	
0		Doc discussed in LT Review 	file_search	
0		Doc discussed in LT Review 	file_search	
0		Doc discussed in LT Review 	file_search	
0		Doc discussed in LT Review 	file_search	
0		Doc discussed in LT Review 	file_search	
0		Doc discussed in LT Review 	file_search	
0		Doc discussed in LT Review 	file_search	
0		Doc discussed in LT Review 	file_search	
0		Doc discussed in LT Review 	file_search	
0		Doc discussed in LT Review 	file_search	
0		Doc discussed in LT Review 	file_search	
0		Doc discussed in LT Review 	file_search	
0		Doc discussed in LT Review 	file_search	
0		Doc discussed in LT Review 	file_search	
0		Doc discussed in LT Review 	file_search	
0		Doc discussed in LT Review 	file_search	
0		Doc discussed in LT Review 	file_search	
0		Doc discussed in LT Review 	file_search	
0		Doc discussed in LT Review 	file_search	
0		Doc discussed in LT Review 	file_search	
0		Doc discussed in LT Review 	file_search	
0		Doc discussed in LT Review 	file_search	
0		Doc discussed in LT Review 	file_search	
0		Doc discussed in LT Review 	file_search	
0		Doc discussed in LT Review 	file_search	
0		Doc discussed in LT Review 	file_search	
0		Doc discussed in LT Review 	file_search	
0		Doc discussed in LT Review 	file_search	
0		Doc discussed in LT Review 	file_search	
0		VivekSh’s files 	file_search	
0		VivekSh’s files 	file_search	
0		VivekSh’s files 	file_search	
0		VivekSh’s files 	file_search	
0		VivekSh’s files 	file_search	
0		VivekSh’s files 	file_search	
0		VivekSh’s files 	file_search	
0		VivekSh’s files 	file_search	
0		VivekSh’s files 	file_search	
0		VivekSh’s files 	file_search	
0		VivekSh’s files 	file_search	
0		VivekSh’s files 	file_search	
0		VivekSh’s files 	file_search	
0		VivekSh’s files 	file_search	
0		VivekSh’s files 	file_search	
0		VivekSh’s files 	file_search	
0		VivekSh’s files 	file_search	
0		VivekSh’s files 	file_search	
0		VivekSh’s files 	file_search	
0		VivekSh’s files 	file_search	
0		VivekSh’s files 	file_search	
0		VivekSh’s files 	file_search	
0		VivekSh’s files 	file_search	
0		VivekSh’s files 	file_search	
0		VivekSh’s files 	file_search	
0		VivekSh’s files 	file_search	
0		VivekSh’s files 	file_search	
0		VivekSh’s files 	file_search	
0		VivekSh’s files 	file_search	
0		VivekSh’s files 	file_search	
0		My Files 	file_search	
0		My Files 	file_search	
0		My Files 	file_search	
0		My Files 	file_search	
0		My Files 	file_search	
0		My Files 	file_search	
0		My Files 	file_search	
0		My Files 	file_search	
0		My Files 	file_search	
0		My Files 	file_search	
0		My Files 	file_search	
0		My Files 	file_search	
0		My Files 	file_search	
0		My Files 	file_search	
0		My Files 	file_search	
0		My Files 	file_search	
0		My Files 	file_search	
0		My Files 	file_search	
0		My Files 	file_search	
0		My Files 	file_search	
0		My Files 	file_search	
0		My Files 	file_search	
0		My Files 	file_search	
0		My Files 	file_search	
0		My Files 	file_search	
0		My Files 	file_search	
0		My Files 	file_search	
0		My Files 	file_search	
0		My Files 	file_search	
0		My Files 	file_search	
0		File Answers shared by Vivek Sharma 	file_search	
0		File Answers shared by Vivek Sharma 	file_search	
0		File Answers shared by Vivek Sharma 	file_search	
0		File Answers shared by Vivek Sharma 	file_search	
0		File Answers shared by Vivek Sharma 	file_search	
0		File Answers shared by Vivek Sharma 	file_search	
0		File Answers shared by Vivek Sharma 	file_search	
0		File Answers shared by Vivek Sharma 	file_search	
0		File Answers shared by Vivek Sharma 	file_search	
0		File Answers shared by Vivek Sharma 	file_search	
0		File Answers shared by Vivek Sharma 	file_search	
0		File Answers shared by Vivek Sharma 	file_search	
0		File Answers shared by Vivek Sharma 	file_search	
0		File Answers shared by Vivek Sharma 	file_search	
0		File Answers shared by Vivek Sharma 	file_search	
0		File Answers shared by Vivek Sharma 	file_search	
0		File Answers shared by Vivek Sharma 	file_search	
0		File Answers shared by Vivek Sharma 	file_search	
0		File Answers shared by Vivek Sharma 	file_search	
0		File Answers shared by Vivek Sharma 	file_search	
0		File Answers shared by Vivek Sharma 	file_search	
0		File Answers shared by Vivek Sharma 	file_search	
0		File Answers shared by Vivek Sharma 	file_search	
0		File Answers shared by Vivek Sharma 	file_search	
0		File Answers shared by Vivek Sharma 	file_search	
0		File Answers shared by Vivek Sharma 	file_search	
0		File Answers shared by Vivek Sharma 	file_search	
0		File Answers shared by Vivek Sharma 	file_search	
0		File Answers shared by Vivek Sharma 	file_search	
0		File Answers shared by Vivek Sharma 	file_search	
0		SaGrover FY20 OKRs 	file_search	
0		SaGrover FY20 OKRs 	file_search	
0		SaGrover FY20 OKRs 	file_search	
0		SaGrover FY20 OKRs 	file_search	
0		SaGrover FY20 OKRs 	file_search	
0		SaGrover FY20 OKRs 	file_search	
0		SaGrover FY20 OKRs 	file_search	
0		SaGrover FY20 OKRs 	file_search	
0		SaGrover FY20 OKRs 	file_search	
0		SaGrover FY20 OKRs 	file_search	
0		SaGrover FY20 OKRs 	file_search	
0		SaGrover FY20 OKRs 	file_search	
0		SaGrover FY20 OKRs 	file_search	
0		SaGrover FY20 OKRs 	file_search	
0		SaGrover FY20 OKRs 	file_search	
0		SaGrover FY20 OKRs 	file_search	
0		SaGrover FY20 OKRs 	file_search	
0		SaGrover FY20 OKRs 	file_search	
0		SaGrover FY20 OKRs 	file_search	
0		SaGrover FY20 OKRs 	file_search	
0		SaGrover FY20 OKRs 	file_search	
0		SaGrover FY20 OKRs 	file_search	
0		SaGrover FY20 OKRs 	file_search	
0		SaGrover FY20 OKRs 	file_search	
0		SaGrover FY20 OKRs 	file_search	
0		SaGrover FY20 OKRs 	file_search	
0		SaGrover FY20 OKRs 	file_search	
0		SaGrover FY20 OKRs 	file_search	
0		SaGrover FY20 OKRs 	file_search	
0		SaGrover FY20 OKRs 	file_search	
0		Specs I wrote in Dec 2016 	file_search	
0		Specs I wrote in Dec 2016 	file_search	
0		Specs I wrote in Dec 2016 	file_search	
0		Specs I wrote in Dec 2016 	file_search	
0		Specs I wrote in Dec 2016 	file_search	
0		Specs I wrote in Dec 2016 	file_search	
0		Specs I wrote in Dec 2016 	file_search	
0		Specs I wrote in Dec 2016 	file_search	
0		Specs I wrote in Dec 2016 	file_search	
0		Specs I wrote in Dec 2016 	file_search	
0		Specs I wrote in Dec 2016 	file_search	
0		Specs I wrote in Dec 2016 	file_search	
0		Specs I wrote in Dec 2016 	file_search	
0		Specs I wrote in Dec 2016 	file_search	
0		Specs I wrote in Dec 2016 	file_search	
0		Specs I wrote in Dec 2016 	file_search	
0		Specs I wrote in Dec 2016 	file_search	
0		Specs I wrote in Dec 2016 	file_search	
0		Specs I wrote in Dec 2016 	file_search	
0		Specs I wrote in Dec 2016 	file_search	
0		Specs I wrote in Dec 2016 	file_search	
0		Specs I wrote in Dec 2016 	file_search	
0		Specs I wrote in Dec 2016 	file_search	
0		Specs I wrote in Dec 2016 	file_search	
0		Specs I wrote in Dec 2016 	file_search	
0		Specs I wrote in Dec 2016 	file_search	
0		Specs I wrote in Dec 2016 	file_search	
0		Specs I wrote in Dec 2016 	file_search	
0		Specs I wrote in Dec 2016 	file_search	
0		Specs I wrote in Dec 2016 	file_search	
0		Files I worked last week 	file_search	
0		Files I worked last week 	file_search	
0		Files I worked last week 	file_search	
0		Files I worked last week 	file_search	
0		Files I worked last week 	file_search	
0		Files I worked last week 	file_search	
0		Files I worked last week 	file_search	
0		Files I worked last week 	file_search	
0		Files I worked last week 	file_search	
0		Files I worked last week 	file_search	
0		Files I worked last week 	file_search	
0		Files I worked last week 	file_search	
0		Files I worked last week 	file_search	
0		Files I worked last week 	file_search	
0		Files I worked last week 	file_search	
0		Files I worked last week 	file_search	
0		Files I worked last week 	file_search	
0		Files I worked last week 	file_search	
0		Files I worked last week 	file_search	
0		Files I worked last week 	file_search	
0		Files I worked last week 	file_search	
0		Files I worked last week 	file_search	
0		Files I worked last week 	file_search	
0		Files I worked last week 	file_search	
0		Files I worked last week 	file_search	
0		Files I worked last week 	file_search	
0		Files I worked last week 	file_search	
0		Files I worked last week 	file_search	
0		Files I worked last week 	file_search	
0		Files I worked last week 	file_search	
0		Documents Jatin shared with me 	file_search	
0		Documents Jatin shared with me 	file_search	
0		Documents Jatin shared with me 	file_search	
0		Documents Jatin shared with me 	file_search	
0		Documents Jatin shared with me 	file_search	
0		Documents Jatin shared with me 	file_search	
0		Documents Jatin shared with me 	file_search	
0		Documents Jatin shared with me 	file_search	
0		Documents Jatin shared with me 	file_search	
0		Documents Jatin shared with me 	file_search	
0		Documents Jatin shared with me 	file_search	
0		Documents Jatin shared with me 	file_search	
0		Documents Jatin shared with me 	file_search	
0		Documents Jatin shared with me 	file_search	
0		Documents Jatin shared with me 	file_search	
0		Documents Jatin shared with me 	file_search	
0		Documents Jatin shared with me 	file_search	
0		Documents Jatin shared with me 	file_search	
0		Documents Jatin shared with me 	file_search	
0		Documents Jatin shared with me 	file_search	
0		Documents Jatin shared with me 	file_search	
0		Documents Jatin shared with me 	file_search	
0		Documents Jatin shared with me 	file_search	
0		Documents Jatin shared with me 	file_search	
0		Documents Jatin shared with me 	file_search	
0		Documents Jatin shared with me 	file_search	
0		Documents Jatin shared with me 	file_search	
0		Documents Jatin shared with me 	file_search	
0		Documents Jatin shared with me 	file_search	
0		Documents Jatin shared with me 	file_search	
0		Decks I worked on last week 	file_search	
0		Decks I worked on last week 	file_search	
0		Decks I worked on last week 	file_search	
0		Decks I worked on last week 	file_search	
0		Decks I worked on last week 	file_search	
0		Decks I worked on last week 	file_search	
0		Decks I worked on last week 	file_search	
0		Decks I worked on last week 	file_search	
0		Decks I worked on last week 	file_search	
0		Decks I worked on last week 	file_search	
0		Decks I worked on last week 	file_search	
0		Decks I worked on last week 	file_search	
0		Decks I worked on last week 	file_search	
0		Decks I worked on last week 	file_search	
0		Decks I worked on last week 	file_search	
0		Decks I worked on last week 	file_search	
0		Decks I worked on last week 	file_search	
0		Decks I worked on last week 	file_search	
0		Decks I worked on last week 	file_search	
0		Decks I worked on last week 	file_search	
0		Decks I worked on last week 	file_search	
0		Decks I worked on last week 	file_search	
0		Decks I worked on last week 	file_search	
0		Decks I worked on last week 	file_search	
0		Decks I worked on last week 	file_search	
0		Decks I worked on last week 	file_search	
0		Decks I worked on last week 	file_search	
0		Decks I worked on last week 	file_search	
0		Decks I worked on last week 	file_search	
0		Decks I worked on last week 	file_search	
0		Documents I wrote in Dec 2016 	file_search	
0		Documents I wrote in Dec 2016 	file_search	
0		Documents I wrote in Dec 2016 	file_search	
0		Documents I wrote in Dec 2016 	file_search	
0		Documents I wrote in Dec 2016 	file_search	
0		Documents I wrote in Dec 2016 	file_search	
0		Documents I wrote in Dec 2016 	file_search	
0		Documents I wrote in Dec 2016 	file_search	
0		Documents I wrote in Dec 2016 	file_search	
0		Documents I wrote in Dec 2016 	file_search	
0		Documents I wrote in Dec 2016 	file_search	
0		Documents I wrote in Dec 2016 	file_search	
0		Documents I wrote in Dec 2016 	file_search	
0		Documents I wrote in Dec 2016 	file_search	
0		Documents I wrote in Dec 2016 	file_search	
0		Documents I wrote in Dec 2016 	file_search	
0		Documents I wrote in Dec 2016 	file_search	
0		Documents I wrote in Dec 2016 	file_search	
0		Documents I wrote in Dec 2016 	file_search	
0		Documents I wrote in Dec 2016 	file_search	
0		Documents I wrote in Dec 2016 	file_search	
0		Documents I wrote in Dec 2016 	file_search	
0		Documents I wrote in Dec 2016 	file_search	
0		Documents I wrote in Dec 2016 	file_search	
0		Documents I wrote in Dec 2016 	file_search	
0		Documents I wrote in Dec 2016 	file_search	
0		Documents I wrote in Dec 2016 	file_search	
0		Documents I wrote in Dec 2016 	file_search	
0		Documents I wrote in Dec 2016 	file_search	
0		Documents I wrote in Dec 2016 	file_search	
0		File presented in meeting last night 	file_search	
0		File presented in meeting last night 	file_search	
0		File presented in meeting last night 	file_search	
0		File presented in meeting last night 	file_search	
0		File presented in meeting last night 	file_search	
0		File presented in meeting last night 	file_search	
0		File presented in meeting last night 	file_search	
0		File presented in meeting last night 	file_search	
0		File presented in meeting last night 	file_search	
0		File presented in meeting last night 	file_search	
0		File presented in meeting last night 	file_search	
0		File presented in meeting last night 	file_search	
0		File presented in meeting last night 	file_search	
0		File presented in meeting last night 	file_search	
0		File presented in meeting last night 	file_search	
0		File presented in meeting last night 	file_search	
0		File presented in meeting last night 	file_search	
0		File presented in meeting last night 	file_search	
0		File presented in meeting last night 	file_search	
0		File presented in meeting last night 	file_search	
0		File presented in meeting last night 	file_search	
0		File presented in meeting last night 	file_search	
0		File presented in meeting last night 	file_search	
0		File presented in meeting last night 	file_search	
0		File presented in meeting last night 	file_search	
0		File presented in meeting last night 	file_search	
0		File presented in meeting last night 	file_search	
0		File presented in meeting last night 	file_search	
0		File presented in meeting last night 	file_search	
0		File presented in meeting last night 	file_search	
0		Document shared in Team meeting last night	file_search	
0		Document shared in Team meeting last night	file_search	
0		Document shared in Team meeting last night	file_search	
0		Document shared in Team meeting last night	file_search	
0		Document shared in Team meeting last night	file_search	
0		Document shared in Team meeting last night	file_search	
0		Document shared in Team meeting last night	file_search	
0		Document shared in Team meeting last night	file_search	
0		Document shared in Team meeting last night	file_search	
0		Document shared in Team meeting last night	file_search	
0		Document shared in Team meeting last night	file_search	
0		Document shared in Team meeting last night	file_search	
0		Document shared in Team meeting last night	file_search	
0		Document shared in Team meeting last night	file_search	
0		Document shared in Team meeting last night	file_search	
0		Document shared in Team meeting last night	file_search	
0		Document shared in Team meeting last night	file_search	
0		Document shared in Team meeting last night	file_search	
0		Document shared in Team meeting last night	file_search	
0		Document shared in Team meeting last night	file_search	
0		Document shared in Team meeting last night	file_search	
0		Document shared in Team meeting last night	file_search	
0		Document shared in Team meeting last night	file_search	
0		Document shared in Team meeting last night	file_search	
0		Document shared in Team meeting last night	file_search	
0		Document shared in Team meeting last night	file_search	
0		Document shared in Team meeting last night	file_search	
0		Document shared in Team meeting last night	file_search	
0		Document shared in Team meeting last night	file_search	
0		Document shared in Team meeting last night	file_search	
0		Files shared in emails last week 	file_search	
0		Files shared in emails last week 	file_search	
0		Files shared in emails last week 	file_search	
0		Files shared in emails last week 	file_search	
0		Files shared in emails last week 	file_search	
0		Files shared in emails last week 	file_search	
0		Files shared in emails last week 	file_search	
0		Files shared in emails last week 	file_search	
0		Files shared in emails last week 	file_search	
0		Files shared in emails last week 	file_search	
0		Files shared in emails last week 	file_search	
0		Files shared in emails last week 	file_search	
0		Files shared in emails last week 	file_search	
0		Files shared in emails last week 	file_search	
0		Files shared in emails last week 	file_search	
0		Files shared in emails last week 	file_search	
0		Files shared in emails last week 	file_search	
0		Files shared in emails last week 	file_search	
0		Files shared in emails last week 	file_search	
0		Files shared in emails last week 	file_search	
0		Files shared in emails last week 	file_search	
0		Files shared in emails last week 	file_search	
0		Files shared in emails last week 	file_search	
0		Files shared in emails last week 	file_search	
0		Files shared in emails last week 	file_search	
0		Files shared in emails last week 	file_search	
0		Files shared in emails last week 	file_search	
0		Files shared in emails last week 	file_search	
0		Files shared in emails last week 	file_search	
0		Files shared in emails last week 	file_search	
0		find my resume I was editing between 1 am and 4am this morning 	file_search	
0		find my resume I was editing between 1 am and 4am this morning 	file_search	
0		find my resume I was editing between 1 am and 4am this morning 	file_search	
0		find my resume I was editing between 1 am and 4am this morning 	file_search	
0		find my resume I was editing between 1 am and 4am this morning 	file_search	
0		find my resume I was editing between 1 am and 4am this morning 	file_search	
0		find my resume I was editing between 1 am and 4am this morning 	file_search	
0		find my resume I was editing between 1 am and 4am this morning 	file_search	
0		find my resume I was editing between 1 am and 4am this morning 	file_search	
0		find my resume I was editing between 1 am and 4am this morning 	file_search	
0		find my resume I was editing between 1 am and 4am this morning 	file_search	
0		find my resume I was editing between 1 am and 4am this morning 	file_search	
0		find my resume I was editing between 1 am and 4am this morning 	file_search	
0		find my resume I was editing between 1 am and 4am this morning 	file_search	
0		find my resume I was editing between 1 am and 4am this morning 	file_search	
0		find my resume I was editing between 1 am and 4am this morning 	file_search	
0		find my resume I was editing between 1 am and 4am this morning 	file_search	
0		find my resume I was editing between 1 am and 4am this morning 	file_search	
0		find my resume I was editing between 1 am and 4am this morning 	file_search	
0		find my resume I was editing between 1 am and 4am this morning 	file_search	
0		find my resume I was editing between 1 am and 4am this morning 	file_search	
0		find my resume I was editing between 1 am and 4am this morning 	file_search	
0		find my resume I was editing between 1 am and 4am this morning 	file_search	
0		find my resume I was editing between 1 am and 4am this morning 	file_search	
0		find my resume I was editing between 1 am and 4am this morning 	file_search	
0		find my resume I was editing between 1 am and 4am this morning 	file_search	
0		find my resume I was editing between 1 am and 4am this morning 	file_search	
0		find my resume I was editing between 1 am and 4am this morning 	file_search	
0		find my resume I was editing between 1 am and 4am this morning 	file_search	
0		find my resume I was editing between 1 am and 4am this morning 	file_search	
0		Show me the docs I worked on between yesterday and today	file_search	
0		Show me the docs I worked on between yesterday and today	file_search	
0		Show me the docs I worked on between yesterday and today	file_search	
0		Show me the docs I worked on between yesterday and today	file_search	
0		Show me the docs I worked on between yesterday and today	file_search	
0		Show me the docs I worked on between yesterday and today	file_search	
0		Show me the docs I worked on between yesterday and today	file_search	
0		Show me the docs I worked on between yesterday and today	file_search	
0		Show me the docs I worked on between yesterday and today	file_search	
0		Show me the docs I worked on between yesterday and today	file_search	
0		Show me the docs I worked on between yesterday and today	file_search	
0		Show me the docs I worked on between yesterday and today	file_search	
0		Show me the docs I worked on between yesterday and today	file_search	
0		Show me the docs I worked on between yesterday and today	file_search	
0		Show me the docs I worked on between yesterday and today	file_search	
0		Show me the docs I worked on between yesterday and today	file_search	
0		Show me the docs I worked on between yesterday and today	file_search	
0		Show me the docs I worked on between yesterday and today	file_search	
0		Show me the docs I worked on between yesterday and today	file_search	
0		Show me the docs I worked on between yesterday and today	file_search	
0		Show me the docs I worked on between yesterday and today	file_search	
0		Show me the docs I worked on between yesterday and today	file_search	
0		Show me the docs I worked on between yesterday and today	file_search	
0		Show me the docs I worked on between yesterday and today	file_search	
0		Show me the docs I worked on between yesterday and today	file_search	
0		Show me the docs I worked on between yesterday and today	file_search	
0		Show me the docs I worked on between yesterday and today	file_search	
0		Show me the docs I worked on between yesterday and today	file_search	
0		Show me the docs I worked on between yesterday and today	file_search	
0		Show me the docs I worked on between yesterday and today	file_search	
0		What files I need to approve 	file_search	
0		What files I need to approve 	file_search	
0		What files I need to approve 	file_search	
0		What files I need to approve 	file_search	
0		What files I need to approve 	file_search	
0		What files I need to approve 	file_search	
0		What files I need to approve 	file_search	
0		What files I need to approve 	file_search	
0		What files I need to approve 	file_search	
0		What files I need to approve 	file_search	
0		What files I need to approve 	file_search	
0		What files I need to approve 	file_search	
0		What files I need to approve 	file_search	
0		What files I need to approve 	file_search	
0		What files I need to approve 	file_search	
0		What files I need to approve 	file_search	
0		What files I need to approve 	file_search	
0		What files I need to approve 	file_search	
0		What files I need to approve 	file_search	
0		What files I need to approve 	file_search	
0		What files I need to approve 	file_search	
0		What files I need to approve 	file_search	
0		What files I need to approve 	file_search	
0		What files I need to approve 	file_search	
0		What files I need to approve 	file_search	
0		What files I need to approve 	file_search	
0		What files I need to approve 	file_search	
0		What files I need to approve 	file_search	
0		What files I need to approve 	file_search	
0		What files I need to approve 	file_search	
0		What files I need to respond	file_search	
0		What files I need to respond	file_search	
0		What files I need to respond	file_search	
0		What files I need to respond	file_search	
0		What files I need to respond	file_search	
0		What files I need to respond	file_search	
0		What files I need to respond	file_search	
0		What files I need to respond	file_search	
0		What files I need to respond	file_search	
0		What files I need to respond	file_search	
0		What files I need to respond	file_search	
0		What files I need to respond	file_search	
0		What files I need to respond	file_search	
0		What files I need to respond	file_search	
0		What files I need to respond	file_search	
0		What files I need to respond	file_search	
0		What files I need to respond	file_search	
0		What files I need to respond	file_search	
0		What files I need to respond	file_search	
0		What files I need to respond	file_search	
0		What files I need to respond	file_search	
0		What files I need to respond	file_search	
0		What files I need to respond	file_search	
0		What files I need to respond	file_search	
0		What files I need to respond	file_search	
0		What files I need to respond	file_search	
0		What files I need to respond	file_search	
0		What files I need to respond	file_search	
0		What files I need to respond	file_search	
0		What files I need to respond	file_search	
0		Files I need to reply back 	file_search	
0		Files I need to reply back 	file_search	
0		Files I need to reply back 	file_search	
0		Files I need to reply back 	file_search	
0		Files I need to reply back 	file_search	
0		Files I need to reply back 	file_search	
0		Files I need to reply back 	file_search	
0		Files I need to reply back 	file_search	
0		Files I need to reply back 	file_search	
0		Files I need to reply back 	file_search	
0		Files I need to reply back 	file_search	
0		Files I need to reply back 	file_search	
0		Files I need to reply back 	file_search	
0		Files I need to reply back 	file_search	
0		Files I need to reply back 	file_search	
0		Files I need to reply back 	file_search	
0		Files I need to reply back 	file_search	
0		Files I need to reply back 	file_search	
0		Files I need to reply back 	file_search	
0		Files I need to reply back 	file_search	
0		Files I need to reply back 	file_search	
0		Files I need to reply back 	file_search	
0		Files I need to reply back 	file_search	
0		Files I need to reply back 	file_search	
0		Files I need to reply back 	file_search	
0		Files I need to reply back 	file_search	
0		Files I need to reply back 	file_search	
0		Files I need to reply back 	file_search	
0		Files I need to reply back 	file_search	
0		Files I need to reply back 	file_search	
0		Files with due comments 	file_search	
0		Files with due comments 	file_search	
0		Files with due comments 	file_search	
0		Files with due comments 	file_search	
0		Files with due comments 	file_search	
0		Files with due comments 	file_search	
0		Files with due comments 	file_search	
0		Files with due comments 	file_search	
0		Files with due comments 	file_search	
0		Files with due comments 	file_search	
0		Files with due comments 	file_search	
0		Files with due comments 	file_search	
0		Files with due comments 	file_search	
0		Files with due comments 	file_search	
0		Files with due comments 	file_search	
0		Files with due comments 	file_search	
0		Files with due comments 	file_search	
0		Files with due comments 	file_search	
0		Files with due comments 	file_search	
0		Files with due comments 	file_search	
0		Files with due comments 	file_search	
0		Files with due comments 	file_search	
0		Files with due comments 	file_search	
0		Files with due comments 	file_search	
0		Files with due comments 	file_search	
0		Files with due comments 	file_search	
0		Files with due comments 	file_search	
0		Files with due comments 	file_search	
0		Files with due comments 	file_search	
0		Files with due comments 	file_search	
0		Docs I need to reply 	file_search	
0		Docs I need to reply 	file_search	
0		Docs I need to reply 	file_search	
0		Docs I need to reply 	file_search	
0		Docs I need to reply 	file_search	
0		Docs I need to reply 	file_search	
0		Docs I need to reply 	file_search	
0		Docs I need to reply 	file_search	
0		Docs I need to reply 	file_search	
0		Docs I need to reply 	file_search	
0		Docs I need to reply 	file_search	
0		Docs I need to reply 	file_search	
0		Docs I need to reply 	file_search	
0		Docs I need to reply 	file_search	
0		Docs I need to reply 	file_search	
0		Docs I need to reply 	file_search	
0		Docs I need to reply 	file_search	
0		Docs I need to reply 	file_search	
0		Docs I need to reply 	file_search	
0		Docs I need to reply 	file_search	
0		Docs I need to reply 	file_search	
0		Docs I need to reply 	file_search	
0		Docs I need to reply 	file_search	
0		Docs I need to reply 	file_search	
0		Docs I need to reply 	file_search	
0		Docs I need to reply 	file_search	
0		Docs I need to reply 	file_search	
0		Docs I need to reply 	file_search	
0		Docs I need to reply 	file_search	
0		Docs I need to reply 	file_search	
0		Deck for Tuesday shiproom 	file_search	
0		Deck for Tuesday shiproom 	file_search	
0		Deck for Tuesday shiproom 	file_search	
0		Deck for Tuesday shiproom 	file_search	
0		Deck for Tuesday shiproom 	file_search	
0		Deck for Tuesday shiproom 	file_search	
0		Deck for Tuesday shiproom 	file_search	
0		Deck for Tuesday shiproom 	file_search	
0		Deck for Tuesday shiproom 	file_search	
0		Deck for Tuesday shiproom 	file_search	
0		Deck for Tuesday shiproom 	file_search	
0		Deck for Tuesday shiproom 	file_search	
0		Deck for Tuesday shiproom 	file_search	
0		Deck for Tuesday shiproom 	file_search	
0		Deck for Tuesday shiproom 	file_search	
0		Deck for Tuesday shiproom 	file_search	
0		Deck for Tuesday shiproom 	file_search	
0		Deck for Tuesday shiproom 	file_search	
0		Deck for Tuesday shiproom 	file_search	
0		Deck for Tuesday shiproom 	file_search	
0		Deck for Tuesday shiproom 	file_search	
0		Deck for Tuesday shiproom 	file_search	
0		Deck for Tuesday shiproom 	file_search	
0		Deck for Tuesday shiproom 	file_search	
0		Deck for Tuesday shiproom 	file_search	
0		Deck for Tuesday shiproom 	file_search	
0		Deck for Tuesday shiproom 	file_search	
0		Deck for Tuesday shiproom 	file_search	
0		Deck for Tuesday shiproom 	file_search	
0		Deck for Tuesday shiproom 	file_search	
0		Documents to read for meetings 	file_search	
0		Documents to read for meetings 	file_search	
0		Documents to read for meetings 	file_search	
0		Documents to read for meetings 	file_search	
0		Documents to read for meetings 	file_search	
0		Documents to read for meetings 	file_search	
0		Documents to read for meetings 	file_search	
0		Documents to read for meetings 	file_search	
0		Documents to read for meetings 	file_search	
0		Documents to read for meetings 	file_search	
0		Documents to read for meetings 	file_search	
0		Documents to read for meetings 	file_search	
0		Documents to read for meetings 	file_search	
0		Documents to read for meetings 	file_search	
0		Documents to read for meetings 	file_search	
0		Documents to read for meetings 	file_search	
0		Documents to read for meetings 	file_search	
0		Documents to read for meetings 	file_search	
0		Documents to read for meetings 	file_search	
0		Documents to read for meetings 	file_search	
0		Documents to read for meetings 	file_search	
0		Documents to read for meetings 	file_search	
0		Documents to read for meetings 	file_search	
0		Documents to read for meetings 	file_search	
0		Documents to read for meetings 	file_search	
0		Documents to read for meetings 	file_search	
0		Documents to read for meetings 	file_search	
0		Documents to read for meetings 	file_search	
0		Documents to read for meetings 	file_search	
0		Documents to read for meetings 	file_search	
0		One pager shared in email 	file_search	
0		One pager shared in email 	file_search	
0		One pager shared in email 	file_search	
0		One pager shared in email 	file_search	
0		One pager shared in email 	file_search	
0		One pager shared in email 	file_search	
0		One pager shared in email 	file_search	
0		One pager shared in email 	file_search	
0		One pager shared in email 	file_search	
0		One pager shared in email 	file_search	
0		One pager shared in email 	file_search	
0		One pager shared in email 	file_search	
0		One pager shared in email 	file_search	
0		One pager shared in email 	file_search	
0		One pager shared in email 	file_search	
0		One pager shared in email 	file_search	
0		One pager shared in email 	file_search	
0		One pager shared in email 	file_search	
0		One pager shared in email 	file_search	
0		One pager shared in email 	file_search	
0		One pager shared in email 	file_search	
0		One pager shared in email 	file_search	
0		One pager shared in email 	file_search	
0		One pager shared in email 	file_search	
0		One pager shared in email 	file_search	
0		One pager shared in email 	file_search	
0		One pager shared in email 	file_search	
0		One pager shared in email 	file_search	
0		One pager shared in email 	file_search	
0		One pager shared in email 	file_search	
0		File answer deck presented in shiproom meeting 	file_search	
0		File answer deck presented in shiproom meeting 	file_search	
0		File answer deck presented in shiproom meeting 	file_search	
0		File answer deck presented in shiproom meeting 	file_search	
0		File answer deck presented in shiproom meeting 	file_search	
0		File answer deck presented in shiproom meeting 	file_search	
0		File answer deck presented in shiproom meeting 	file_search	
0		File answer deck presented in shiproom meeting 	file_search	
0		File answer deck presented in shiproom meeting 	file_search	
0		File answer deck presented in shiproom meeting 	file_search	
0		File answer deck presented in shiproom meeting 	file_search	
0		File answer deck presented in shiproom meeting 	file_search	
0		File answer deck presented in shiproom meeting 	file_search	
0		File answer deck presented in shiproom meeting 	file_search	
0		File answer deck presented in shiproom meeting 	file_search	
0		File answer deck presented in shiproom meeting 	file_search	
0		File answer deck presented in shiproom meeting 	file_search	
0		File answer deck presented in shiproom meeting 	file_search	
0		File answer deck presented in shiproom meeting 	file_search	
0		File answer deck presented in shiproom meeting 	file_search	
0		File answer deck presented in shiproom meeting 	file_search	
0		File answer deck presented in shiproom meeting 	file_search	
0		File answer deck presented in shiproom meeting 	file_search	
0		File answer deck presented in shiproom meeting 	file_search	
0		File answer deck presented in shiproom meeting 	file_search	
0		File answer deck presented in shiproom meeting 	file_search	
0		File answer deck presented in shiproom meeting 	file_search	
0		File answer deck presented in shiproom meeting 	file_search	
0		File answer deck presented in shiproom meeting 	file_search	
0		File answer deck presented in shiproom meeting 	file_search	
0		Task review doc shared in email 	file_search	
0		Task review doc shared in email 	file_search	
0		Task review doc shared in email 	file_search	
0		Task review doc shared in email 	file_search	
0		Task review doc shared in email 	file_search	
0		Task review doc shared in email 	file_search	
0		Task review doc shared in email 	file_search	
0		Task review doc shared in email 	file_search	
0		Task review doc shared in email 	file_search	
0		Task review doc shared in email 	file_search	
0		Task review doc shared in email 	file_search	
0		Task review doc shared in email 	file_search	
0		Task review doc shared in email 	file_search	
0		Task review doc shared in email 	file_search	
0		Task review doc shared in email 	file_search	
0		Task review doc shared in email 	file_search	
0		Task review doc shared in email 	file_search	
0		Task review doc shared in email 	file_search	
0		Task review doc shared in email 	file_search	
0		Task review doc shared in email 	file_search	
0		Task review doc shared in email 	file_search	
0		Task review doc shared in email 	file_search	
0		Task review doc shared in email 	file_search	
0		Task review doc shared in email 	file_search	
0		Task review doc shared in email 	file_search	
0		Task review doc shared in email 	file_search	
0		Task review doc shared in email 	file_search	
0		Task review doc shared in email 	file_search	
0		Task review doc shared in email 	file_search	
0		Task review doc shared in email 	file_search	
0		Show me the eighth one 	file_open	
0		Show me the eighth one 	file_open	
0		Show me the eighth one 	file_open	
0		Show me the eighth one 	file_open	
0		Show me the eighth one 	file_open	
0		Show me the eighth one 	file_open	
0		Show me the eighth one 	file_open	
0		Show me the eighth one 	file_open	
0		Show me the eighth one 	file_open	
0		Show me the eighth one 	file_open	
0		Show me the eighth one 	file_open	
0		Show me the eighth one 	file_open	
0		Show me the eighth one 	file_open	
0		Show me the eighth one 	file_open	
0		Show me the eighth one 	file_open	
0		Show me the eighth one 	file_open	
0		Show me the eighth one 	file_open	
0		Show me the eighth one 	file_open	
0		Show me the eighth one 	file_open	
0		Show me the eighth one 	file_open	
0		Show me the eighth one 	file_open	
0		Show me the eighth one 	file_open	
0		Show me the eighth one 	file_open	
0		Show me the eighth one 	file_open	
0		Show me the eighth one 	file_open	
0		Show me the eighth one 	file_open	
0		Show me the eighth one 	file_open	
0		Show me the eighth one 	file_open	
0		Show me the eighth one 	file_open	
0		Show me the eighth one 	file_open	
0		The number eight	file_open	
0		The number eight	file_open	
0		The number eight	file_open	
0		The number eight	file_open	
0		The number eight	file_open	
0		The number eight	file_open	
0		The number eight	file_open	
0		The number eight	file_open	
0		The number eight	file_open	
0		The number eight	file_open	
0		The number eight	file_open	
0		The number eight	file_open	
0		The number eight	file_open	
0		The number eight	file_open	
0		The number eight	file_open	
0		The number eight	file_open	
0		The number eight	file_open	
0		The number eight	file_open	
0		The number eight	file_open	
0		The number eight	file_open	
0		The number eight	file_open	
0		The number eight	file_open	
0		The number eight	file_open	
0		The number eight	file_open	
0		The number eight	file_open	
0		The number eight	file_open	
0		The number eight	file_open	
0		The number eight	file_open	
0		The number eight	file_open	
0		The number eight	file_open	
